file,file_type,csv_size_estimate_uncompressed,csv_size_bytes_uncompressed,zip_compressed_size,rows_cases,columns_variables,multi_sheet,summary_20_words_or_less,columns,brief_data_dictionary
Medicare_Hospital_Spending_Per_Patient-National.csv,csv,252 B,252,167 B,1,8,No (CSV),Medicare Hospital Spending Per Patient - National: 1 cases and 8 variables covering Spending metrics at hospital level.,Measure ID; Measure Name; Score; Footnote - Score; National Median; Footnote - National Median; Start Date; End Date,"Measure ID (categorical/text; e.g., MSPB_1) | Measure Name (categorical/text; e.g., Medicare hospital spending per patient () | Score (number; e.g., 0.99) | Footnote - Score (empty/unknown; e.g., ) | National Median (categorical/text; e.g., $27,416.63) | Footnote - National Median (empty/unknown; e.g., ) | Start Date (date; e.g., 01/01/2024) | End Date (date; e.g., 12/31/2024)"
ASCQR_OAS_CAHPS_BY_ASC.csv,csv,833.0 KB,852961,227.8 KB,4633,30,No (CSV),"ASCQR OAS CAHPS BY ASC: 4,633 cases and 30 variables covering OAS CAHPS metrics at asc level.","Facility ID; Facility Name; Address; City/Town; State; ZIP Code; County/Parish; Telephone Number; Patients who reported that staff definitely gave care in a professional way and the facility was clean; Patients who reported that staff somewhat gave care in a professional way or the facility was somewhat clean; Patients who reported that staff did not give care in a professional way or the facility was not clean; Facilities and staff linear mean score; Patients who reported that staff definitely communicated about what to expect during and after the procedure; Patients who reported that staff somewhat communicated about what to expect during and after the procedure; Patients who reported that staff did not communicate about what to expect during and after the procedure; Communication about your procedure linear mean score; Patients who gave the facility a rating of 9 or 10 on a scale from 0 (lowest) to 10 (highest); Patients who gave the facility a rating of 7 or 8 on a scale from 0 (lowest) to 10 (highest); Patients who gave the facility a rating of 0 to 6 on a scale from 0 (lowest) to 10 (highest); Patients' rating of the facility linear mean score; Patients who reported YES they would DEFINITELY recommend the facility to family or friends; Patients who reported PROBABLY YES they would recommend the facility to family or friends; Patients who reported NO, they would not recommend the facility to family or friends; Patients recommending the facility linear mean score; Footnote; Number of Sampled Patients; Number of Completed Surveys; Survey Response Rate Percent; Start Date; End Date","Facility ID (text; e.g., 01C0001000) | Facility Name (text; e.g., MONTGOMERY SURGICAL CENTER) | Address (text; e.g., 470 TAYLOR RD SUITE 100) | City/Town (text; e.g., MONTGOMERY) | State (categorical/text; e.g., AL) | ZIP Code (integer; e.g., 36117) | County/Parish (empty/unknown; e.g., ) | Telephone Number (text; e.g., (334) 747-9666) | Patients who reported that staff definitely gave care in a professional way and the facility was clean (integer; e.g., 97) | Patients who reported that staff somewhat gave care in a professional way or the facility was somewhat clean (integer; e.g., 3) | Patients who reported that staff did not give care in a professional way or the facility was not clean (integer; e.g., 0) | Facilities and staff linear mean score (integer; e.g., 99) | Patients who reported that staff definitely communicated about what to expect during and after the procedure (integer; e.g., 94) | Patients who reported that staff somewhat communicated about what to expect during and after the procedure (integer; e.g., 5) | Patients who reported that staff did not communicate about what to expect during and after the procedure (integer; e.g., 1) | Communication about your procedure linear mean score (integer; e.g., 96) | Patients who gave the facility a rating of 9 or 10 on a scale from 0 (lowest) to 10 (highest) (integer; e.g., 92) | Patients who gave the facility a rating of 7 or 8 on a scale from 0 (lowest) to 10 (highest) (integer; e.g., 6) | Patients who gave the facility a rating of 0 to 6 on a scale from 0 (lowest) to 10 (highest) (integer; e.g., 2) | Patients' rating of the facility linear mean score (integer; e.g., 97) | Patients who reported YES they would DEFINITELY recommend the facility to family or friends (integer; e.g., 92) | Patients who reported PROBABLY YES they would recommend the facility to family or friends (integer; e.g., 8) | Patients who reported NO, they would not recommend the facility to family or friends (integer; e.g., 0) | Patients recommending the facility linear mean score (integer; e.g., 97) | Footnote (integer; e.g., 3,6) | ... 5 more variables"
Unplanned_Hospital_Visits-State.csv,csv,129.6 KB,132702,7.3 KB,784,14,No (CSV),Unplanned Hospital Visits - State: 784 cases and 14 variables covering Unplanned Hospital Visits - State metrics at hospital level.,State; Measure ID; Measure Name; Number of Hospitals Worse; Number of Hospitals Same; Number of Hospitals Better; Number of Hospitals Too Few; Footnote; Start Date; End Date; Number of Hospitals Fewer; Number of Hospitals Average; Number of Hospitals More; Number of Hospitals Too Small,"State (categorical/text; e.g., AK) | Measure ID (categorical/text; e.g., EDAC_30_AMI) | Measure Name (categorical/text; e.g., Hospital return days for heart attack pa) | Number of Hospitals Worse (categorical/text; e.g., Not Applicable) | Number of Hospitals Same (text; e.g., Not Applicable) | Number of Hospitals Better (categorical/text; e.g., Not Applicable) | Number of Hospitals Too Few (text; e.g., Not Applicable) | Footnote (integer; e.g., 5) | Start Date (date; e.g., 07/01/2021) | End Date (date; e.g., 06/30/2024) | Number of Hospitals Fewer (text; e.g., 0) | Number of Hospitals Average (text; e.g., 2) | Number of Hospitals More (text; e.g., 2) | Number of Hospitals Too Small (text; e.g., 11)"
Measure_Dates.csv,csv,18.5 KB,18981,3.9 KB,172,6,No (CSV),Measure Dates: 172 cases and 6 variables covering Measure Dates metrics.,Measure ID; Measure Name; Measure Start Quarter; Start Date; Measure End Quarter; End Date,"Measure ID (text; e.g., ASC_1) | Measure Name (text; e.g., Number of patients who experience a burn) | Measure Start Quarter (categorical/text; e.g., 1Q2024) | Start Date (date; e.g., 01/01/2024) | Measure End Quarter (categorical/text; e.g., 4Q2024) | End Date (date; e.g., 12/31/2024)"
ASC_Facility.csv,csv,1.45 MB,1523921,261.5 KB,5711,47,No (CSV),"ASC Facility: 5,711 cases and 47 variables covering ASC Facility metrics at facility level.",Facility Name; Facility ID; NPI; City/Town; State; ZIP Code; Year; ASC-1 Rate*; ASC-1 Footnote; ASC-2 Rate*; ASC-2 Footnote; ASC-3 Rate*; ASC-3 Footnote; ASC-4 Rate*; ASC-4 Footnote; ASC-9 Rate*; ASC-9 Footnote; ASC-11 Rate*; ASC-11 Footnote; ASC-12 Total Cases; ASC-12 Performance Category; ASC-12 RSHV Rate; ASC-12 Interval Lower Limit; ASC-12 Interval Upper Limit; ASC-12 Footnote; ASC-13 Rate*; ASC-13 Footnote; ASC-14 Rate*; ASC-14 Footnote; ASC-17 Total Cases; ASC-17 Performance Category; ASC-17 RSHV Rate; ASC-17 Interval Lower Limit; ASC-17 Interval Upper Limit; ASC-17 Footnote; ASC-18 Total Cases; ASC-18 Performance Category; ASC-18 RSHV Rate; ASC-18 Interval Lower Limit; ASC-18 Interval Upper Limit; ASC-18 Footnote; ASC-19 Total Cases; ASC-19 Performance Category; ASC-19 RSHV Rate; ASC-19 Interval Lower Limit; ASC-19 Interval Upper Limit; ASC-19 Footnote,"Facility Name (text; e.g., THE SURGERY CENTER AT NORTHBAY VACA VALL) | Facility ID (text; e.g., 05C0001831) | NPI (integer; e.g., 1003015843) | City/Town (text; e.g., VACAVILLE) | State (text; e.g., CA) | ZIP Code (integer; e.g., 95687) | Year (integer; e.g., 2024) | ASC-1 Rate* (categorical/text; e.g., N/A) | ASC-1 Footnote (integer; e.g., 5) | ASC-2 Rate* (text; e.g., 0.033) | ASC-2 Footnote (integer; e.g., 5) | ASC-3 Rate* (text; e.g., N/A) | ASC-3 Footnote (integer; e.g., 5) | ASC-4 Rate* (text; e.g., 0.116) | ASC-4 Footnote (integer; e.g., 5) | ASC-9 Rate* (text; e.g., 71.67) | ASC-9 Footnote (integer; e.g., 5) | ASC-11 Rate* (categorical/text; e.g., N/A) | ASC-11 Footnote (integer; e.g., 5) | ASC-12 Total Cases (text; e.g., 1269) | ASC-12 Performance Category (categorical/text; e.g., No Different Than the National Rate) | ASC-12 RSHV Rate (text; e.g., 11.9) | ASC-12 Interval Lower Limit (text; e.g., 9) | ASC-12 Interval Upper Limit (text; e.g., 15.8) | ASC-12 Footnote (integer; e.g., 1) | ... 22 more variables"
FY2024_Net_Change_in_Base_Op_DRG_Payment_Amt.csv,csv,896 B,896,321 B,33,2,No (CSV),FY2024 Net Change in Base Op DRG Payment Amt: 33 cases and 2 variables covering FY2024 Net Change in Base.,Net Change in Base Operating DRG Payment Amount; Number of Hospitals Receiving this Range,"Net Change in Base Operating DRG Payment Amount (text; e.g., >$150,000) | Number of Hospitals Receiving this Range (integer; e.g., 446)"
HOSPITAL_QUARTERLY_MSPB_6_DECIMALS.csv,csv,136.4 KB,139627,19.8 KB,2974,6,No (CSV),"HOSPITAL QUARTERLY MSPB 6 DECIMALS: 2,974 cases and 6 variables covering HOSPITAL QUARTERLY MSPB 6 DECIMALS metrics at hospital level.",Facility ID; Measure ID; Value; Footnote; Start Date; End Date,"Facility ID (integer; e.g., 010001) | Measure ID (categorical/text; e.g., MSPB-1) | Value (text; e.g., 0.985183) | Footnote (integer; e.g., 29) | Start Date (date; e.g., 01/01/2024) | End Date (date; e.g., 12/31/2024)"
Unplanned_Hospital_Visits-Hospital.csv,csv,18.15 MB,19035194,963.0 KB,67088,20,No (CSV),"Unplanned Hospital Visits - Hospital: 67,088 cases and 20 variables covering Unplanned Hospital Visits - Hospital metrics at hospital level.",Facility ID; Facility Name; Address; City/Town; State; ZIP Code; County/Parish; Telephone Number; Measure ID; Measure Name; Compared to National; Denominator; Score; Lower Estimate; Higher Estimate; Number of Patients; Number of Patients Returned; Footnote; Start Date; End Date,"Facility ID (integer; e.g., 010001) | Facility Name (categorical/text; e.g., SOUTHEAST HEALTH MEDICAL CENTER) | Address (categorical/text; e.g., 1108 ROSS CLARK CIRCLE) | City/Town (categorical/text; e.g., DOTHAN) | State (categorical/text; e.g., AL) | ZIP Code (integer; e.g., 36301) | County/Parish (categorical/text; e.g., HOUSTON) | Telephone Number (categorical/text; e.g., (334) 793-8701) | Measure ID (categorical/text; e.g., EDAC_30_AMI) | Measure Name (categorical/text; e.g., Hospital return days for heart attack pa) | Compared to National (categorical/text; e.g., Fewer Days Than Average per 100 Discharg) | Denominator (text; e.g., 273) | Score (text; e.g., -15.6) | Lower Estimate (text; e.g., -25.9) | Higher Estimate (text; e.g., -4.2) | Number of Patients (text; e.g., 264) | Number of Patients Returned (text; e.g., 68) | Footnote (integer; e.g., 1) | Start Date (date; e.g., 07/01/2021) | End Date (date; e.g., 06/30/2024)"
OQR_OAS_CAHPS_STATE.csv,csv,179.1 KB,183446,4.3 KB,840,8,No (CSV),OQR OAS CAHPS STATE: 840 cases and 8 variables covering OAS CAHPS metrics at state level.,State; OAS CAHPS Measure ID; OAS CAHPS Question; OAS CAHPS Answer Description; OAS CAHPS Answer Percent; OAS CAHPS Answer Percent Footnote; Start Date; End Date,"State (categorical/text; e.g., AK) | OAS CAHPS Measure ID (categorical/text; e.g., O_COMP_1_N_S) | OAS CAHPS Question (categorical/text; e.g., Patients who reported that the facility ) | OAS CAHPS Answer Description (categorical/text; e.g., Facility was ""not"" clean and staff were ) | OAS CAHPS Answer Percent (text; e.g., 1) | OAS CAHPS Answer Percent Footnote (integer; e.g., 5) | Start Date (date; e.g., 07/01/2024) | End Date (date; e.g., 06/30/2025)"
VA_IPF.csv,csv,153.3 KB,156929,11.7 KB,660,16,No (CSV),VA IPF: 660 cases and 16 variables covering VA IPF metrics.,Facility ID; Facility Name; Address; City/Town; State; ZIP Code; County/Parish; Telephone Number; Condition; Measure ID; Measure Name; Score; Sample; Footnote; Start Date; End Date,"Facility ID (text; e.g., 01014F) | Facility Name (text; e.g., BIRMINGHAM VA MEDICAL CENTER) | Address (text; e.g., 700 SOUTH 19TH STREET) | City/Town (text; e.g., BIRMINGHAM) | State (categorical/text; e.g., AL) | ZIP Code (integer; e.g., 35233) | County/Parish (text; e.g., JEFFERSON) | Telephone Number (text; e.g., (205) 933-4515) | Condition (categorical/text; e.g., Inpatient Psychiatric Facility Measures) | Measure ID (categorical/text; e.g., HBIPS-2) | Measure Name (categorical/text; e.g., Hours of physical-restraint use) | Score (text; e.g., Not Available) | Sample (text; e.g., Not Available) | Footnote (categorical/text; e.g., 5) | Start Date (date; e.g., 01/01/2024) | End Date (date; e.g., 12/31/2024)"
Healthcare_Associated_Infections-Hospital.csv,csv,36.87 MB,38658196,1.30 MB,172512,15,No (CSV),"Healthcare Associated Infections - Hospital: 172,512 cases and 15 variables covering Infections metrics at hospital level.",Facility ID; Facility Name; Address; City/Town; State; ZIP Code; County/Parish; Telephone Number; Measure ID; Measure Name; Compared to National; Score; Footnote; Start Date; End Date,"Facility ID (integer; e.g., 010001) | Facility Name (categorical/text; e.g., SOUTHEAST HEALTH MEDICAL CENTER) | Address (categorical/text; e.g., 1108 ROSS CLARK CIRCLE) | City/Town (categorical/text; e.g., DOTHAN) | State (categorical/text; e.g., AL) | ZIP Code (integer; e.g., 36301) | County/Parish (categorical/text; e.g., HOUSTON) | Telephone Number (categorical/text; e.g., (334) 793-8701) | Measure ID (text; e.g., HAI_1_CILOWER) | Measure Name (text; e.g., Central Line Associated Bloodstream Infe) | Compared to National (categorical/text; e.g., Better than the National Benchmark) | Score (text; e.g., 0.073) | Footnote (categorical/text; e.g., 13) | Start Date (date; e.g., 07/01/2024) | End Date (date; e.g., 06/30/2025)"
REH_Outpatient_Imaging_Efficiency-Hospital.csv,csv,7.4 KB,7529,2.3 KB,41,14,No (CSV),REH Outpatient Imaging Efficiency - Hospital: 41 cases and 14 variables covering Imaging metrics at hospital level.,Facility ID; Facility Name; Address; City/Town; State; ZIP Code; County/Parish; Telephone Number; Measure ID; Measure Name; Score; Footnote; Start Date; End Date,"Facility ID (integer; e.g., 010779) | Facility Name (text; e.g., BULLOCK COUNTY HOSPITAL) | Address (text; e.g., 102 WEST CONECUH AVENUE) | City/Town (text; e.g., UNION SPRINGS) | State (categorical/text; e.g., AL) | ZIP Code (integer; e.g., 36089) | County/Parish (text; e.g., BULLOCK) | Telephone Number (text; e.g., (334) 738-2140) | Measure ID (categorical/text; e.g., REH_OP_10) | Measure Name (categorical/text; e.g., Abdomen CT Use of Contrast Material) | Score (categorical/text; e.g., Not Available) | Footnote (integer; e.g., 7) | Start Date (date; e.g., 01/01/2024) | End Date (date; e.g., 12/31/2024)"
HCAHPS-State.csv,csv,556.7 KB,570070,15.9 KB,2856,8,No (CSV),"HCAHPS - State: 2,856 cases and 8 variables covering HCAHPS metrics at state level.",State; HCAHPS Measure ID; HCAHPS Question; HCAHPS Answer Description; HCAHPS Answer Percent; Footnote; Start Date; End Date,"State (categorical/text; e.g., AK) | HCAHPS Measure ID (text; e.g., H_COMP_1_A_P) | HCAHPS Question (text; e.g., Patients who reported that their nurses ) | HCAHPS Answer Description (text; e.g., Nurses ""always"" communicated well) | HCAHPS Answer Percent (text; e.g., 80) | Footnote (integer; e.g., 5) | Start Date (date; e.g., 07/01/2024) | End Date (date; e.g., 06/30/2025)"
REH_Timely_and_Effective_Care-Hospital.csv,csv,58.4 KB,59753,3.8 KB,164,16,No (CSV),REH Timely and Effective Care - Hospital: 164 cases and 16 variables covering Timely metrics at hospital level.,Facility ID; Facility Name; Address; City/Town; State; ZIP Code; County/Parish; Telephone Number; Condition; Measure ID; Measure Name; Score; Sample; Footnote; Start Date; End Date,"Facility ID (integer; e.g., 010779) | Facility Name (text; e.g., BULLOCK COUNTY HOSPITAL) | Address (text; e.g., 102 WEST CONECUH AVENUE) | City/Town (text; e.g., UNION SPRINGS) | State (categorical/text; e.g., AL) | ZIP Code (integer; e.g., 36089) | County/Parish (text; e.g., BULLOCK) | Telephone Number (text; e.g., (334) 738-2140) | Condition (categorical/text; e.g., Emergency Department) | Measure ID (categorical/text; e.g., REH_OP_18a) | Measure Name (categorical/text; e.g., Average (median) time all patients spent) | Score (text; e.g., 102) | Sample (text; e.g., 295) | Footnote (categorical/text; e.g., 1) | Start Date (date; e.g., 07/01/2024) | End Date (date; e.g., 06/30/2025)"
HCAHPS-National.csv,csv,9.9 KB,10106,1.4 KB,51,7,No (CSV),HCAHPS - National: 51 cases and 7 variables covering HCAHPS metrics at national level.,HCAHPS Measure ID; HCAHPS Question; HCAHPS Answer Description; HCAHPS Answer Percent; Footnote; Start Date; End Date,"HCAHPS Measure ID (text; e.g., H_COMP_1_A_P) | HCAHPS Question (text; e.g., Patients who reported that their nurses ) | HCAHPS Answer Description (text; e.g., Nurses ""always"" communicated well) | HCAHPS Answer Percent (integer; e.g., 80) | Footnote (empty/unknown; e.g., ) | Start Date (date; e.g., 07/01/2024) | End Date (date; e.g., 06/30/2025)"
PCH_HCAHPS_NATIONAL.csv,csv,9.8 KB,10037,1.4 KB,51,6,No (CSV),PCH HCAHPS NATIONAL: 51 cases and 6 variables covering HCAHPS metrics at national level.,Measure ID; HCAHPS Question; HCAHPS Answer Description; HCAHPS Answer Percent; Start Date; End Date,"Measure ID (text; e.g., H_COMP_1_A_P) | HCAHPS Question (text; e.g., Patients who reported that their nurses ) | HCAHPS Answer Description (text; e.g., Nurses ""always"" communicated well) | HCAHPS Answer Percent (integer; e.g., 80) | Start Date (date; e.g., 07/01/2024) | End Date (date; e.g., 06/30/2025)"
FY_2026_Hospital_Readmissions_Reduction_Program_Hospital.csv,csv,1.97 MB,2068464,281.0 KB,18330,12,No (CSV),"FY 2026 Hospital Readmissions Reduction Program Hospital: 18,330 cases and 12 variables covering Readmissions metrics at hospital level.",Facility Name; Facility ID; State; Measure Name; Number of Discharges; Footnote; Excess Readmission Ratio; Predicted Readmission Rate; Expected Readmission Rate; Number of Readmissions; Start Date; End Date,"Facility Name (text; e.g., SOUTHEAST HEALTH MEDICAL CENTER) | Facility ID (integer; e.g., 010001) | State (categorical/text; e.g., AL) | Measure Name (categorical/text; e.g., READM-30-HIP-KNEE-HRRP) | Number of Discharges (text; e.g., N/A) | Footnote (integer; e.g., 5) | Excess Readmission Ratio (text; e.g., 0.9875) | Predicted Readmission Rate (text; e.g., 4.5734) | Expected Readmission Rate (text; e.g., 4.6311) | Number of Readmissions (text; e.g., Too Few to Report) | Start Date (date; e.g., 07/01/2021) | End Date (date; e.g., 06/30/2024)"
Timely_and_Effective_Care-State.csv,csv,385.5 KB,394746,12.0 KB,1736,8,No (CSV),"Timely and Effective Care - State: 1,736 cases and 8 variables covering Timely metrics at state level.",State; Condition; Measure ID; Measure Name; Score; Footnote; Start Date; End Date,"State (categorical/text; e.g., AK) | Condition (categorical/text; e.g., Healthcare Personnel Vaccination) | Measure ID (text; e.g., IMM_3) | Measure Name (text; e.g., Healthcare workers given influenza vacci) | Score (text; e.g., 74) | Footnote (categorical/text; e.g., 5) | Start Date (date; e.g., 10/01/2024) | End Date (date; e.g., 03/31/2025)"
hvbp_person_and_community_engagement.csv,csv,1.44 MB,1505930,303.0 KB,2455,74,No (CSV),"hvbp person and community engagement: 2,455 cases and 74 variables covering HVBP metrics.",Fiscal Year; Facility ID; Facility Name; Address; City/Town; State; ZIP Code; County/Parish; Communication With Nurses Floor; Communication With Nurses Achievement Threshold; Communication With Nurses Benchmark; Communication With Nurses Baseline Rate; Communication With Nurses Performance Rate; Communication With Nurses Achievement Points; Communication With Nurses Improvement Points; Communication With Nurses Dimension Score; Communication With Doctors Floor; Communication With Doctors Achievement Threshold; Communication With Doctors Benchmark; Communication With Doctors Baseline Rate; Communication With Doctors Performance Rate; Communication With Doctors Achievement Points; Communication With Doctors Improvement Points; Communication With Doctors Dimension Score; Responsiveness Of Hospital Staff Floor; Responsiveness Of Hospital Staff Achievement Threshold; Responsiveness Of Hospital Staff Benchmark; Responsiveness Of Hospital Staff Baseline Rate; Responsiveness Of Hospital Staff Performance Rate; Responsiveness Of Hospital Staff Achievement Points; Responsiveness Of Hospital Staff Improvement Points; Responsiveness Of Hospital Staff Dimension Score; Care Transition Floor; Care Transition Achievement Threshold; Care Transition Benchmark; Care Transition Baseline Rate; Care Transition Performance Rate; Care Transition Achievement Points; Care Transition Improvement Points; Care Transition Dimension Score; Communication About Medicines Floor; Communication About Medicines Achievement Threshold; Communication About Medicines Benchmark; Communication About Medicines Baseline Rate; Communication About Medicines Performance Rate; Communication About Medicines Achievement Points; Communication About Medicines Improvement Points; Communication About Medicines Dimension Score; Cleanliness And Quietness Of Hospital Environment Floor; Cleanliness And Quietness Of Hospital Environment Achievement Threshold; Cleanliness And Quietness Of Hospital Environment Benchmark; Cleanliness And Quietness Of Hospital Environment Baseline Rate; Cleanliness And Quietness Of Hospital Environment Performance Rate; Cleanliness And Quietness Of Hospital Environment Achievement Points; Cleanliness And Quietness Of Hospital Environment Improvement Points; Cleanliness And Quietness Of Hospital Environment Dimension Score; Discharge Information Floor; Discharge Information Achievement Threshold; Discharge Information Benchmark; Discharge Information Baseline Rate; Discharge Information Performance Rate; Discharge Information Achievement Points; Discharge Information Improvement Points; Discharge Information Dimension Score; Overall Rating Of Hospital Floor; Overall Rating Of Hospital Achievement Threshold; Overall Rating Of Hospital Benchmark; Overall Rating Of Hospital Baseline Rate; Overall Rating Of Hospital Performance Rate; Overall Rating Of Hospital Achievement Points; Overall Rating Of Hospital Improvement Points; Overall Rating Of Hospital Dimension Score; Hcahps Base Score; Hcahps Consistency Score,"Fiscal Year (integer; e.g., 2026) | Facility ID (integer; e.g., 010001) | Facility Name (text; e.g., SOUTHEAST HEALTH MEDICAL CENTER) | Address (text; e.g., 1108 ROSS CLARK CIRCLE) | City/Town (text; e.g., DOTHAN) | State (categorical/text; e.g., AL) | ZIP Code (integer; e.g., 36301) | County/Parish (text; e.g., HOUSTON) | Communication With Nurses Floor (categorical/text; e.g., 55.23%) | Communication With Nurses Achievement Threshold (categorical/text; e.g., 76.41%) | Communication With Nurses Benchmark (categorical/text; e.g., 85.57%) | Communication With Nurses Baseline Rate (text; e.g., 73.8343%) | Communication With Nurses Performance Rate (text; e.g., 74.6272%) | Communication With Nurses Achievement Points (categorical/text; e.g., 0 out of 10) | Communication With Nurses Improvement Points (categorical/text; e.g., 0 out of 9) | Communication With Nurses Dimension Score (categorical/text; e.g., 0) | Communication With Doctors Floor (categorical/text; e.g., 58.04%) | Communication With Doctors Achievement Threshold (categorical/text; e.g., 76.83%) | Communication With Doctors Benchmark (categorical/text; e.g., 85.93%) | Communication With Doctors Baseline Rate (text; e.g., 78.4647%) | Communication With Doctors Performance Rate (text; e.g., 81.0814%) | Communication With Doctors Achievement Points (categorical/text; e.g., 5 out of 10) | Communication With Doctors Improvement Points (categorical/text; e.g., 3 out of 9) | Communication With Doctors Dimension Score (categorical/text; e.g., 5) | Responsiveness Of Hospital Staff Floor (categorical/text; e.g., 36.52%) | ... 49 more variables"
ASC_State.csv,csv,8.2 KB,8408,2.5 KB,54,34,No (CSV),ASC State: 54 cases and 34 variables covering ASC State metrics at state level.,State; Year; Avg ASC-1 State Rate*; Median ASC-1 State Rate*; Avg ASC-2 State Rate*; Median ASC-2 State Rate*; Avg ASC-3 State Rate*; Median ASC-3 State Rate*; Avg ASC-4 State Rate*; Median ASC-4 State Rate*; Avg ASC-9 State Rate*; Median ASC-9 State Rate*; Avg ASC-11 State Rate*; Median ASC-11 State Rate*; ASC-12 Better; ASC-12 No Different; ASC-12 Worse; ASC-12 Too Small; Avg ASC-13 State Rate*; Median ASC-13 State Rate*; Avg ASC-14 State Rate*; Median ASC-14 State Rate*; ASC-17 Better; ASC-17 No Different; ASC-17 Worse; ASC-17 Too Small; ASC-18 Better; ASC-18 No Different; ASC-18 Worse; ASC-18 Too Small; ASC-19 Better; ASC-19 No Different; ASC-19 Worse; ASC-19 Too Small,"State (text; e.g., SC) | Year (integer; e.g., 2024) | Avg ASC-1 State Rate* (categorical/text; e.g., 0.000) | Median ASC-1 State Rate* (categorical/text; e.g., 0.000) | Avg ASC-2 State Rate* (number; e.g., 0.012) | Median ASC-2 State Rate* (number; e.g., 0.000) | Avg ASC-3 State Rate* (categorical/text; e.g., 0.003) | Median ASC-3 State Rate* (categorical/text; e.g., 0.000) | Avg ASC-4 State Rate* (number; e.g., 0.067) | Median ASC-4 State Rate* (number; e.g., 0.050) | Avg ASC-9 State Rate* (text; e.g., 91.56) | Median ASC-9 State Rate* (text; e.g., 94.19) | Avg ASC-11 State Rate* (categorical/text; e.g., 100.00) | Median ASC-11 State Rate* (categorical/text; e.g., 100.00) | ASC-12 Better (integer; e.g., 0) | ASC-12 No Different (integer; e.g., 34) | ASC-12 Worse (integer; e.g., 0) | ASC-12 Too Small (integer; e.g., 3) | Avg ASC-13 State Rate* (number; e.g., 72.26) | Median ASC-13 State Rate* (number; e.g., 100.00) | Avg ASC-14 State Rate* (text; e.g., 0.239) | Median ASC-14 State Rate* (text; e.g., 0.187) | ASC-17 Better (integer; e.g., 0) | ASC-17 No Different (integer; e.g., 27) | ASC-17 Worse (integer; e.g., 0) | ... 9 more variables"
Complications_and_Deaths-State.csv,csv,101.9 KB,104387,9.1 KB,1120,10,No (CSV),"Complications and Deaths - State: 1,120 cases and 10 variables covering Complications, Deaths metrics at state level.",State; Measure ID; Measure Name; Number of Hospitals Worse; Number of Hospitals Same; Number of Hospitals Better; Number of Hospitals Too Few; Footnote; Start Date; End Date,"State (categorical/text; e.g., AK) | Measure ID (categorical/text; e.g., COMP_HIP_KNEE) | Measure Name (categorical/text; e.g., Rate of complications for hip/knee repla) | Number of Hospitals Worse (categorical/text; e.g., 0) | Number of Hospitals Same (text; e.g., 7) | Number of Hospitals Better (categorical/text; e.g., 0) | Number of Hospitals Too Few (text; e.g., 3) | Footnote (integer; e.g., 5) | Start Date (date; e.g., 04/01/2021) | End Date (date; e.g., 03/31/2024)"
Data_Updates_April_2026.csv,csv,177.2 KB,181464,10.3 KB,1153,4,No (CSV),"Data Updates April 2026: 1,153 cases and 4 variables covering Data Updates April 2026 metrics.",https://data.cms.gov/provider-data/ location affected; Downloadable CSV revised file affected; Data Last Updated; Data Last Updated Details,"https://data.cms.gov/provider-data/ location affected (text; e.g., https://data.cms.gov/provider-data/datas) | Downloadable CSV revised file affected (text; e.g., Ambulatory Surgical Measures-Facility) | Data Last Updated (categorical/text; e.g., 13-May-26) | Data Last Updated Details (text; e.g., No updates; Open/Closed List applied)"
Unplanned_Hospital_Visits-National.csv,csv,2.7 KB,2770,768 B,14,14,No (CSV),Unplanned Hospital Visits - National: 14 cases and 14 variables covering Unplanned Hospital Visits - National metrics at hospital level.,Measure ID; Measure Name; National Rate; Number of Hospitals Worse; Number of Hospitals Same; Number of Hospitals Better; Number of Hospitals Too Few; Footnote; Start Date; End Date; Number of Hospitals Fewer; Number of Hospitals Average; Number of Hospitals More; Number of Hospitals Too Small,"Measure ID (text; e.g., EDAC_30_AMI) | Measure Name (text; e.g., Hospital return days for heart attack pa) | National Rate (text; e.g., Not Applicable) | Number of Hospitals Worse (text; e.g., Not Applicable) | Number of Hospitals Same (text; e.g., Not Applicable) | Number of Hospitals Better (text; e.g., Not Applicable) | Number of Hospitals Too Few (text; e.g., Not Applicable) | Footnote (empty/unknown; e.g., ) | Start Date (date; e.g., 07/01/2021) | End Date (date; e.g., 06/30/2024) | Number of Hospitals Fewer (categorical/text; e.g., 278) | Number of Hospitals Average (categorical/text; e.g., 736) | Number of Hospitals More (categorical/text; e.g., 551) | Number of Hospitals Too Small (categorical/text; e.g., 2149)"
REH_Timely_and_Effective_Care-National.csv,csv,2.8 KB,2822,453 B,8,8,No (CSV),REH Timely and Effective Care - National: 8 cases and 8 variables covering Timely metrics at national level.,Measure ID; Measure Name; Condition; Category; Score; Footnote; Start Date; End Date,"Measure ID (text; e.g., REH_OP_18a) | Measure Name (text; e.g., Average (median) time all patients spent) | Condition (categorical/text; e.g., Emergency Department) | Category (text; e.g., REH-OP-18) | Score (integer; e.g., 102) | Footnote (empty/unknown; e.g., ) | Start Date (date; e.g., 07/01/2024) | End Date (date; e.g., 06/30/2025)"
IPFQR_QualityMeasures_State.csv,csv,47.5 KB,48662,4.1 KB,52,44,No (CSV),IPFQR QualityMeasures State: 52 cases and 44 variables covering IPFQR QualityMeasures State metrics at state level.,State; HBIPS-2 Measure Description; S HBIPS-2 Overall Rate Per 1000; S HBIPS-2 Overall Num; S HBIPS-2 Overall Den; HBIPS-3 Measure Description; S HBIPS-3 Overall Rate Per 1000; S HBIPS-3 Overall Num; S HBIPS-3 Overall Den; SMD Measure Description; S SMD %; SUB-2/-2a Measure Description; S SUB-2 %; S SUB-2a %; SUB-3/-3a Measure Description; S SUB-3 %; S SUB-3a %; TOB-3/-3a Measure Description; S TOB-3 %; S TOB-3a %; TR-1 Measure Description; S TR-1 %; Start Date; End Date; FAPH Measure Description; S FAPH-30 %; S FAPH-7 %; FAPH Measure Start Date; FAPH Measure End Date; MedCont Measure Description; S MedCont %; MedCont Measure Start Date; MedCont Measure End Date; READM-30-IPF Measure Desc; S READM-30-IPF # IPFs Worse; S READM-30-IPF # IPFs Same; S READM-30-IPF # IPFs Better; S READM-30-IPF # IPFs Too Few; READM-30-IPF Start Date; READM-30-IPF End Date; IMM-2 Measure Description; S IMM-2 %; Flu Season Start Date; Flu Season End Date,"State (text; e.g., AK) | HBIPS-2 Measure Description (categorical/text; e.g., Hours of physical-restraint use) | S HBIPS-2 Overall Rate Per 1000 (number; e.g., 0.12) | S HBIPS-2 Overall Num (number; e.g., 160.14) | S HBIPS-2 Overall Den (integer; e.g., 53616) | HBIPS-3 Measure Description (categorical/text; e.g., Hours of seclusion use) | S HBIPS-3 Overall Rate Per 1000 (number; e.g., 0.34) | S HBIPS-3 Overall Num (number; e.g., 435.1) | S HBIPS-3 Overall Den (integer; e.g., 53616) | SMD Measure Description (categorical/text; e.g., Screening for metabolic disorders (SMD)) | S SMD % (integer; e.g., 89) | SUB-2/-2a Measure Description (categorical/text; e.g., Alcohol use brief intervention provided ) | S SUB-2 % (integer; e.g., 50) | S SUB-2a % (integer; e.g., 33) | SUB-3/-3a Measure Description (categorical/text; e.g., Alcohol and other drug use disorder trea) | S SUB-3 % (integer; e.g., 77) | S SUB-3a % (integer; e.g., 63) | TOB-3/-3a Measure Description (categorical/text; e.g., Tobacco use treatment provided or offere) | S TOB-3 % (integer; e.g., 68) | S TOB-3a % (integer; e.g., 1) | TR-1 Measure Description (categorical/text; e.g., Transition record with specified element) | S TR-1 % (integer; e.g., 37) | Start Date (date; e.g., 01/01/2024) | End Date (date; e.g., 12/31/2024) | FAPH Measure Description (categorical/text; e.g., Percent of patients receiving follow-up ) | ... 19 more variables"
HCAHPS-Hospital.csv,csv,100.64 MB,105529630,2.10 MB,325856,22,No (CSV),"HCAHPS - Hospital: 325,856 cases and 22 variables covering HCAHPS metrics at hospital level.",Facility ID; Facility Name; Address; City/Town; State; ZIP Code; County/Parish; Telephone Number; HCAHPS Measure ID; HCAHPS Question; HCAHPS Answer Description; Patient Survey Star Rating; Patient Survey Star Rating Footnote; HCAHPS Answer Percent; HCAHPS Answer Percent Footnote; HCAHPS Linear Mean Value; Number of Completed Surveys; Number of Completed Surveys Footnote; Survey Response Rate Percent; Survey Response Rate Percent Footnote; Start Date; End Date,"Facility ID (integer; e.g., 010001) | Facility Name (categorical/text; e.g., SOUTHEAST HEALTH MEDICAL CENTER) | Address (categorical/text; e.g., 1108 ROSS CLARK CIRCLE) | City/Town (categorical/text; e.g., DOTHAN) | State (categorical/text; e.g., AL) | ZIP Code (integer; e.g., 36301) | County/Parish (categorical/text; e.g., HOUSTON) | Telephone Number (categorical/text; e.g., (334) 793-8701) | HCAHPS Measure ID (text; e.g., H_COMP_1_A_P) | HCAHPS Question (text; e.g., Patients who reported that their nurses ) | HCAHPS Answer Description (text; e.g., Nurses ""always"" communicated well) | Patient Survey Star Rating (categorical/text; e.g., Not Applicable) | Patient Survey Star Rating Footnote (integer; e.g., 15) | HCAHPS Answer Percent (text; e.g., 76) | HCAHPS Answer Percent Footnote (categorical/text; e.g., 6) | HCAHPS Linear Mean Value (categorical/text; e.g., Not Applicable) | Number of Completed Surveys (integer; e.g., 952) | Number of Completed Surveys Footnote (categorical/text; e.g., 6) | Survey Response Rate Percent (integer; e.g., 17) | Survey Response Rate Percent Footnote (categorical/text; e.g., 6) | Start Date (date; e.g., 07/01/2024) | End Date (date; e.g., 06/30/2025)"
hvbp_safety.csv,csv,1.35 MB,1414888,193.3 KB,2455,58,No (CSV),"hvbp safety: 2,455 cases and 58 variables covering HVBP metrics.",Fiscal Year; Facility ID; Facility Name; Address; City/Town; State; ZIP Code; County/Parish; HAI-1 Achievement Threshold; HAI-1 Benchmark; HAI-1 Baseline Rate; HAI-1 Performance Rate; HAI-1 Achievement Points; HAI-1 Improvement Points; HAI-1 Measure Score; HAI-2 Achievement Threshold; HAI-2 Benchmark; HAI-2 Baseline Rate; HAI-2 Performance Rate; HAI-2 Achievement Points; HAI-2 Improvement Points; HAI-2 Measure Score; Combined SSI Measure Score; HAI-3 Achievement Threshold; HAI-3 Benchmark; HAI-3 Baseline Rate; HAI-3 Performance Rate; HAI-3 Achievement Points; HAI-3 Improvement Points; HAI-3 Measure Score; HAI-4 Achievement Threshold; HAI-4 Benchmark; HAI-4 Baseline Rate; HAI-4 Performance Rate; HAI-4 Achievement Points; HAI-4 Improvement Points; HAI-4 Measure Score; HAI-5 Achievement Threshold; HAI-5 Benchmark; HAI-5 Baseline Rate; HAI-5 Performance Rate; HAI-5 Achievement Points; HAI-5 Improvement Points; HAI-5 Measure Score; HAI-6 Achievement Threshold; HAI-6 Benchmark; HAI-6 Baseline Rate; HAI-6 Performance Rate; HAI-6 Achievement Points; HAI-6 Improvement Points; HAI-6 Measure Score; SEP-1 Achievement Threshold; SEP-1 Benchmark; SEP-1 Baseline Rate; SEP-1 Performance Rate; SEP-1 Achievement Points; SEP-1 Improvement Points; SEP-1 Measure Score,"Fiscal Year (integer; e.g., 2026) | Facility ID (integer; e.g., 010001) | Facility Name (text; e.g., SOUTHEAST HEALTH MEDICAL CENTER) | Address (text; e.g., 1108 ROSS CLARK CIRCLE) | City/Town (text; e.g., DOTHAN) | State (categorical/text; e.g., AL) | ZIP Code (integer; e.g., 36301) | County/Parish (text; e.g., HOUSTON) | HAI-1 Achievement Threshold (number; e.g., 0.760) | HAI-1 Benchmark (number; e.g., 0.000) | HAI-1 Baseline Rate (text; e.g., 1.136) | HAI-1 Performance Rate (text; e.g., 0.530) | HAI-1 Achievement Points (categorical/text; e.g., 3 out of 10) | HAI-1 Improvement Points (categorical/text; e.g., 5 out of 9) | HAI-1 Measure Score (categorical/text; e.g., 5 out of 10) | HAI-2 Achievement Threshold (number; e.g., 0.615) | HAI-2 Benchmark (number; e.g., 0.000) | HAI-2 Baseline Rate (text; e.g., 0.437) | HAI-2 Performance Rate (text; e.g., 0.086) | HAI-2 Achievement Points (categorical/text; e.g., 8 out of 10) | HAI-2 Improvement Points (categorical/text; e.g., 8 out of 9) | HAI-2 Measure Score (categorical/text; e.g., 8 out of 10) | Combined SSI Measure Score (categorical/text; e.g., 4 out of 10) | HAI-3 Achievement Threshold (number; e.g., 0.747) | HAI-3 Benchmark (number; e.g., 0.000) | ... 33 more variables"
Outpatient_Imaging_Efficiency-National.csv,csv,398 B,398,245 B,4,6,No (CSV),Outpatient Imaging Efficiency - National: 4 cases and 6 variables covering Imaging metrics at national level.,Measure ID; Measure Name; Score; Footnote; Start Date; End Date,"Measure ID (text; e.g., OP_10) | Measure Name (text; e.g., Abdomen CT Use of Contrast Material) | Score (number; e.g., 5.9) | Footnote (empty/unknown; e.g., ) | Start Date (date; e.g., 07/01/2023) | End Date (date; e.g., 06/30/2024)"
Promoting_Interoperability-Hospital.csv,csv,632.4 KB,647563,179.9 KB,4628,12,No (CSV),"Promoting Interoperability - Hospital: 4,628 cases and 12 variables covering Interoperability metrics at hospital level.",Facility ID; Facility Name; Address; City/Town; State; ZIP Code; County/Parish; Telephone Number; CEHRT ID; Meets criteria for promoting interoperability of EHRs; Start Date; End Date,"Facility ID (integer; e.g., 010001) | Facility Name (text; e.g., SOUTHEAST HEALTH MEDICAL CENTER) | Address (text; e.g., 1108 ROSS CLARK CIRCLE) | City/Town (text; e.g., DOTHAN) | State (categorical/text; e.g., AL) | ZIP Code (integer; e.g., 36301) | County/Parish (text; e.g., HOUSTON) | Telephone Number (text; e.g., (334) 793-8701) | CEHRT ID (text; e.g., 0015CFH8CSZ4V7K) | Meets criteria for promoting interoperability of EHRs (categorical/text; e.g., Y) | Start Date (date; e.g., 01/01/2024) | End Date (date; e.g., 12/31/2024)"
Birthing_Friendly_Hospitals_Geocoded.csv,csv,203.8 KB,208725,75.5 KB,2263,7,No (CSV),"Birthing Friendly Hospitals Geocoded: 2,263 cases and 7 variables covering Birthing Friendly Hospitals Geocoded metrics at hospital level.",name; addr; city; state; zip; lat; lon,"name (text; e.g., Southeast Health Medical Center) | addr (text; e.g., 1108 Ross Clark Circle) | city (text; e.g., Dothan) | state (categorical/text; e.g., AL) | zip (integer; e.g., 36301) | lat (number; e.g., 31.21335) | lon (number; e.g., -85.36203)"
Outpatient_Imaging_Efficiency-State.csv,csv,18.8 KB,19272,1.4 KB,224,7,No (CSV),Outpatient Imaging Efficiency - State: 224 cases and 7 variables covering Imaging metrics at state level.,State; Measure ID; Measure Name; Score; Footnote; Start Date; End Date,"State (text; e.g., AK) | Measure ID (categorical/text; e.g., OP_10) | Measure Name (categorical/text; e.g., Abdomen CT Use of Contrast Material) | Score (text; e.g., 4.6) | Footnote (integer; e.g., 5) | Start Date (date; e.g., 07/01/2023) | End Date (date; e.g., 06/30/2024)"
Timely_and_Effective_Care-National.csv,csv,13.5 KB,13805,1.5 KB,45,8,No (CSV),Timely and Effective Care - National: 45 cases and 8 variables covering Timely metrics at national level.,Measure ID; Measure Name; Condition; Category; Score; Footnote; Start Date; End Date,"Measure ID (text; e.g., IMM_3) | Measure Name (text; e.g., Healthcare workers given influenza vacci) | Condition (categorical/text; e.g., Healthcare Personnel Vaccination) | Category (categorical/text; e.g., Healthcare workers given influenza vacci) | Score (integer; e.g., 78) | Footnote (categorical/text; e.g., 25, 26) | Start Date (date; e.g., 10/01/2024) | End Date (date; e.g., 03/31/2025)"
PCH_HCAHPS_HOSPITAL.csv,csv,241.0 KB,246750,6.9 KB,748,22,No (CSV),PCH HCAHPS HOSPITAL: 748 cases and 22 variables covering HCAHPS metrics at hospital level.,Facility ID; Facility Name; Address; City/Town; State; ZIP Code; County/Parish; Telephone Number; HCAHPS Measure ID; HCAHPS Question; HCAHPS Answer Description; Patient Survey Star Rating; Patient Survey Star Rating Footnote; HCAHPS Answer Percent; HCAHPS Answer Percent Footnote; HCAHPS Linear Mean Value; Number of Completed Surveys; Number of Completed Surveys Footnote; Survey Response Rate Percent; Survey Response Rate Percent Footnote; Start Date; End Date,"Facility ID (integer; e.g., 050146) | Facility Name (categorical/text; e.g., CITY OF HOPE HELFORD CLINICAL RESEARCH H) | Address (categorical/text; e.g., 1500 E DUARTE ROAD) | City/Town (categorical/text; e.g., DUARTE) | State (categorical/text; e.g., CA) | ZIP Code (integer; e.g., 91010) | County/Parish (categorical/text; e.g., LOS ANGELES) | Telephone Number (categorical/text; e.g., (626) 359-8111) | HCAHPS Measure ID (text; e.g., H_COMP_1_A_P) | HCAHPS Question (text; e.g., Patients who reported that their nurses ) | HCAHPS Answer Description (text; e.g., Nurses ""always"" communicated well) | Patient Survey Star Rating (categorical/text; e.g., Not Applicable) | Patient Survey Star Rating Footnote (integer; e.g., 15) | HCAHPS Answer Percent (text; e.g., 83) | HCAHPS Answer Percent Footnote (integer; e.g., 6) | HCAHPS Linear Mean Value (categorical/text; e.g., Not Applicable) | Number of Completed Surveys (integer; e.g., 1385) | Number of Completed Surveys Footnote (integer; e.g., 6) | Survey Response Rate Percent (integer; e.g., 19) | Survey Response Rate Percent Footnote (integer; e.g., 6) | Start Date (date; e.g., 07/01/2024) | End Date (date; e.g., 06/30/2025)"
PCH_Complications_Unplanned_Hospital_Visits_NATIONAL.csv,csv,592 B,592,307 B,4,9,No (CSV),PCH Complications Unplanned Hospital Visits NATIONAL: 4 cases and 9 variables covering Complications metrics at hospital level.,Measure ID; Measure Description; National Rate; Better; No Different; Worse; Too Small; Start Date; End Date,"Measure ID (text; e.g., PCH-30) | Measure Description (text; e.g., Admissions for Patients Receiving Outpat) | National Rate (number; e.g., 13) | Better (text; e.g., 1) | No Different (text; e.g., 8) | Worse (categorical/text; e.g., 2) | Too Small (categorical/text; e.g., 0) | Start Date (date; e.g., 07/01/2023) | End Date (date; e.g., 06/30/2024)"
Healthcare_Associated_Infections-State.csv,csv,99.0 KB,101369,6.5 KB,1008,7,No (CSV),"Healthcare Associated Infections - State: 1,008 cases and 7 variables covering Infections metrics at state level.",State; Measure ID; Measure Name; Score; Footnote; Start Date; End Date,"State (categorical/text; e.g., AK) | Measure ID (categorical/text; e.g., HAI_1_CILOWER) | Measure Name (categorical/text; e.g., Central Line Associated Bloodstream Infe) | Score (text; e.g., 0.430) | Footnote (integer; e.g., 5) | Start Date (date; e.g., 07/01/2024) | End Date (date; e.g., 06/30/2025)"
PCH_HEALTHCARE_ASSOCIATED_INFECTIONS_HOSPITAL.csv,csv,65.2 KB,66719,3.5 KB,308,14,No (CSV),PCH HEALTHCARE ASSOCIATED INFECTIONS HOSPITAL: 308 cases and 14 variables covering Infections metrics at hospital level.,Facility ID; Facility Name; Hospital Type; Address; City/Town; State; ZIP Code; County/Parish; Measure ID; Measure Name; Score; Footnote; Start Date; End Date,"Facility ID (integer; e.g., 050146) | Facility Name (categorical/text; e.g., CITY OF HOPE HELFORD CLINICAL RESEARCH H) | Hospital Type (categorical/text; e.g., Acute Care Hospitals) | Address (categorical/text; e.g., 1500 E DUARTE ROAD) | City/Town (categorical/text; e.g., DUARTE) | State (categorical/text; e.g., CA) | ZIP Code (integer; e.g., 91010) | County/Parish (categorical/text; e.g., LOS ANGELES) | Measure ID (text; e.g., PCH_26_DOPC) | Measure Name (text; e.g., Clostridium Difficile (C.Diff): Patient ) | Score (text; e.g., 76313) | Footnote (integer; e.g., 12) | Start Date (date; e.g., 07/01/2024) | End Date (date; e.g., 06/30/2025)"
CMS_PSI_6_decimal_file.csv,csv,8.50 MB,8918002,532.7 KB,52360,13,No (CSV),"CMS PSI 6 decimal file: 52,360 cases and 13 variables covering CMS PSI 6 decimal file metrics.",Facility ID; Facility Name; Address; City/Town; State; ZIP Code; County/Parish; Measure ID; Measure Name; Rate; Footnote; Start Date; End Date,"Facility ID (integer; e.g., 010001) | Facility Name (categorical/text; e.g., SOUTHEAST HEALTH MEDICAL CENTER) | Address (categorical/text; e.g., 1108 ROSS CLARK CIRCLE) | City/Town (categorical/text; e.g., DOTHAN) | State (categorical/text; e.g., AL) | ZIP Code (integer; e.g., 36301) | County/Parish (categorical/text; e.g., HOUSTON) | Measure ID (categorical/text; e.g., PSI_03) | Measure Name (categorical/text; e.g., Pressure ulcer rate) | Rate (text; e.g., 0.130263) | Footnote (integer; e.g., 1) | Start Date (date; e.g., 07/01/2022) | End Date (date; e.g., 06/30/2024)"
PATIENT_REPORTED_OUTCOMES_FACILITY.csv,csv,1.19 MB,1243033,173.9 KB,4628,15,No (CSV),"PATIENT REPORTED OUTCOMES FACILITY: 4,628 cases and 15 variables covering PATIENT REPORTED OUTCOMES FACILITY metrics at facility level.",Facility ID; Facility Name; Address; City/Town; State; ZIP Code; County/Parish; Telephone Number; Measure ID; Measure Name; Voluntary_Reporting; Score; Footnote; Start Date; End Date,"Facility ID (integer; e.g., 010001) | Facility Name (text; e.g., SOUTHEAST HEALTH MEDICAL CENTER) | Address (text; e.g., 1108 ROSS CLARK CIRCLE) | City/Town (text; e.g., DOTHAN) | State (categorical/text; e.g., AL) | ZIP Code (integer; e.g., 36301) | County/Parish (text; e.g., HOUSTON) | Telephone Number (text; e.g., (334) 793-8701) | Measure ID (categorical/text; e.g., THA/TKA PRO-PM) | Measure Name (categorical/text; e.g., Hospital-Level Total Hip Arthroplasty/To) | Voluntary_Reporting (categorical/text; e.g., No) | Score (categorical/text; e.g., Not Available) | Footnote (integer; e.g., 5) | Start Date (date; e.g., 01/01/2023) | End Date (date; e.g., 06/30/2023)"
Maternal_Health-Hospital.csv,csv,3.58 MB,3757935,259.1 KB,17959,15,No (CSV),"Maternal Health - Hospital: 17,959 cases and 15 variables covering Maternal metrics at hospital level.",Facility ID; Facility Name; Address; City/Town; State; ZIP Code; County/Parish; Telephone Number; Measure ID; Measure Name; Score; Sample; Footnote; Start Date; End Date,"Facility ID (integer; e.g., 010001) | Facility Name (text; e.g., SOUTHEAST HEALTH MEDICAL CENTER) | Address (text; e.g., 1108 ROSS CLARK CIRCLE) | City/Town (text; e.g., DOTHAN) | State (categorical/text; e.g., AL) | ZIP Code (integer; e.g., 36301) | County/Parish (text; e.g., HOUSTON) | Telephone Number (text; e.g., (334) 793-8701) | Measure ID (categorical/text; e.g., PC_02) | Measure Name (categorical/text; e.g., Cesarean Birth) | Score (categorical/text; e.g., Not Available) | Sample (categorical/text; e.g., Not Available) | Footnote (integer; e.g., 4) | Start Date (date; e.g., 01/01/2024) | End Date (date; e.g., 12/31/2024)"
Medicare_Hospital_Spending_by_Claim.csv,csv,9.32 MB,9777544,673.8 KB,63646,13,No (CSV),"Medicare Hospital Spending by Claim: 63,646 cases and 13 variables covering Spending metrics at hospital level.",Facility Name; Facility ID; State; Period; Claim Type; Avg Spndg Per EP Hospital; Avg Spndg Per EP State; Avg Spndg Per EP National; Percent of Spndg Hospital; Percent of Spndg State; Percent of Spndg National; Start Date; End Date,"Facility Name (categorical/text; e.g., SOUTHEAST HEALTH MEDICAL CENTER) | Facility ID (integer; e.g., 010001) | State (categorical/text; e.g., AL) | Period (categorical/text; e.g., 1 to 3 days Prior to Index Hospital Admi) | Claim Type (categorical/text; e.g., Home Health Agency) | Avg Spndg Per EP Hospital (integer; e.g., 25) | Avg Spndg Per EP State (integer; e.g., 22) | Avg Spndg Per EP National (integer; e.g., 19) | Percent of Spndg Hospital (text; e.g., 0.09%) | Percent of Spndg State (categorical/text; e.g., 0.08%) | Percent of Spndg National (categorical/text; e.g., 0.07%) | Start Date (date; e.g., 01/01/2024) | End Date (date; e.g., 12/31/2024)"
VA_TE.csv,csv,363.5 KB,372273,18.6 KB,1452,17,No (CSV),"VA TE: 1,452 cases and 17 variables covering VA TE metrics.",Facility ID; Facility Name; Address; City/Town; State; ZIP Code; County/Parish; Telephone Number; Condition; Measure ID; Measure Name; STTag; Score; Sample; Footnote; Start Date; End Date,"Facility ID (categorical/text; e.g., 01014F) | Facility Name (categorical/text; e.g., BIRMINGHAM VA MEDICAL CENTER) | Address (categorical/text; e.g., 700 SOUTH 19TH STREET) | City/Town (categorical/text; e.g., BIRMINGHAM) | State (categorical/text; e.g., AL) | ZIP Code (integer; e.g., 35233) | County/Parish (categorical/text; e.g., JEFFERSON) | Telephone Number (categorical/text; e.g., (205) 933-4515) | Condition (categorical/text; e.g., Emergency Department) | Measure ID (categorical/text; e.g., EDV) | Measure Name (categorical/text; e.g., Emergency department volume) | STTag (categorical/text; e.g., Text) | Score (text; e.g., low) | Sample (text; e.g., 3383) | Footnote (categorical/text; e.g., 5) | Start Date (date; e.g., 01/01/2024) | End Date (date; e.g., 12/31/2024)"
hvbp_clinical_outcomes.csv,csv,1.27 MB,1334947,201.3 KB,2455,50,No (CSV),"hvbp clinical outcomes: 2,455 cases and 50 variables covering HVBP metrics.",Fiscal Year; Facility ID; Facility Name; Address; City/Town; State; ZIP Code; County/Parish; MORT-30-AMI Achievement Threshold; MORT-30-AMI Benchmark; MORT-30-AMI Baseline Rate; MORT-30-AMI Performance Rate; MORT-30-AMI Achievement Points; MORT-30-AMI Improvement Points; MORT-30-AMI Measure Score; MORT-30-HF Achievement Threshold; MORT-30-HF Benchmark; MORT-30-HF Baseline Rate; MORT-30-HF Performance Rate; MORT-30-HF Achievement Points; MORT-30-HF Improvement Points; MORT-30-HF Measure Score; MORT-30-PN Achievement Threshold; MORT-30-PN Benchmark; MORT-30-PN Baseline Rate; MORT-30-PN Performance Rate; MORT-30-PN Achievement Points; MORT-30-PN Improvement Points; MORT-30-PN Measure Score; MORT-30-COPD Achievement Threshold; MORT-30-COPD Benchmark; MORT-30-COPD Baseline Rate; MORT-30-COPD Performance Rate; MORT-30-COPD Achievement Points; MORT-30-COPD Improvement Points; MORT-30-COPD Measure Score; MORT-30-CABG Achievement Threshold; MORT-30-CABG Benchmark; MORT-30-CABG Baseline Rate; MORT-30-CABG Performance Rate; MORT-30-CABG Achievement Points; MORT-30-CABG Improvement Points; MORT-30-CABG Measure Score; COMP-HIP-KNEE Achievement Threshold; COMP-HIP-KNEE Benchmark; COMP-HIP-KNEE Baseline Rate; COMP-HIP-KNEE Performance Rate; COMP-HIP-KNEE Achievement Points; COMP-HIP-KNEE Improvement Points; COMP-HIP-KNEE Measure Score,"Fiscal Year (integer; e.g., 2026) | Facility ID (integer; e.g., 010001) | Facility Name (text; e.g., SOUTHEAST HEALTH MEDICAL CENTER) | Address (text; e.g., 1108 ROSS CLARK CIRCLE) | City/Town (text; e.g., DOTHAN) | State (categorical/text; e.g., AL) | ZIP Code (integer; e.g., 36301) | County/Parish (text; e.g., HOUSTON) | MORT-30-AMI Achievement Threshold (number; e.g., 0.874426) | MORT-30-AMI Benchmark (number; e.g., 0.890687) | MORT-30-AMI Baseline Rate (text; e.g., 0.882417) | MORT-30-AMI Performance Rate (text; e.g., 0.884842) | MORT-30-AMI Achievement Points (categorical/text; e.g., 6 out of 10) | MORT-30-AMI Improvement Points (categorical/text; e.g., 2 out of 9) | MORT-30-AMI Measure Score (categorical/text; e.g., 6 out of 10) | MORT-30-HF Achievement Threshold (number; e.g., 0.885949) | MORT-30-HF Benchmark (number; e.g., 0.912874) | MORT-30-HF Baseline Rate (text; e.g., 0.884091) | MORT-30-HF Performance Rate (text; e.g., 0.885556) | MORT-30-HF Achievement Points (categorical/text; e.g., 0 out of 10) | MORT-30-HF Improvement Points (categorical/text; e.g., 0 out of 9) | MORT-30-HF Measure Score (categorical/text; e.g., 0 out of 10) | MORT-30-PN Achievement Threshold (number; e.g., 0.843369) | MORT-30-PN Benchmark (number; e.g., 0.877097) | MORT-30-PN Baseline Rate (text; e.g., 0.843955) | ... 25 more variables"
IPFQR_QualityMeasures_Facility.csv,csv,1.58 MB,1661292,160.1 KB,1424,78,No (CSV),"IPFQR QualityMeasures Facility: 1,424 cases and 78 variables covering IPFQR QualityMeasures Facility metrics at facility level.",Facility ID; Facility Name; Address; City/Town; State; ZIP Code; County/Parish; HBIPS-2 Measure Description; HBIPS-2 Overall Rate Per 1000; HBIPS-2 Overall Num; HBIPS-2 Overall Den; HBIPS-2 Overall Footnote; HBIPS-3 Measure Description; HBIPS-3 Overall Rate Per 1000; HBIPS-3 Overall Num; HBIPS-3 Overall Den; HBIPS-3 Overall Footnote; SMD Measure Description; SMD %; SMD Denominator; SMD Footnote; SUB-2/-2a Measure Description; SUB-2 %; SUB-2 Denominator; SUB-2 Footnote; SUB-2a %; SUB-2a Denominator; SUB-2a Footnote; SUB-3/-3a Measure Description; SUB-3 %; SUB-3 Denominator; SUB-3 Footnote; SUB-3a %; SUB-3a Denominator; SUB-3a Footnote; TOB-3/-3a Measure Description; TOB-3 %; TOB-3 Denominator; TOB-3 Footnote; TOB-3a %; TOB-3a Denominator; TOB-3a Footnote; TR-1 Measure Description; TR-1 %; TR-1 Denominator; TR-1 Footnote; Start Date; End Date; FAPH Measure Description; FAPH-30 %; FAPH-30 Denominator; FAPH-30 Footnote; FAPH-7 %; FAPH-7 Denominator; FAPH-7 Footnote; FAPH Measure Start Date; FAPH Measure End Date; MedCont Measure Desc; MedCont %; MedCont Denominator; MedCont Footnote; MedCont Measure Start Date; MedCont Measure End Date; READM-30-IPF Measure Desc; READM-30-IPF Category; READM-30-IPF Denominator; READM-30-IPF Rate; READM-30-IPF Lower Estimate; READM-30-IPF Higher Estimate; READM-30-IPF Footnote; READM-30-IPF Start Date; READM-30-IPF End Date; IMM-2 Measure Description; IMM-2 %; IMM-2 Denominator; IMM-2 Footnote; Flu Season Start Date; Flu Season End Date,"Facility ID (integer; e.g., 010007) | Facility Name (text; e.g., MIZELL MEMORIAL HOSPITAL) | Address (text; e.g., 702 N MAIN ST) | City/Town (text; e.g., OPP) | State (categorical/text; e.g., AL) | ZIP Code (integer; e.g., 36467) | County/Parish (text; e.g., COVINGTON) | HBIPS-2 Measure Description (categorical/text; e.g., Hours of physical-restraint use) | HBIPS-2 Overall Rate Per 1000 (text; e.g., 0.00) | HBIPS-2 Overall Num (text; e.g., 0) | HBIPS-2 Overall Den (text; e.g., 3) | HBIPS-2 Overall Footnote (integer; e.g., 5) | HBIPS-3 Measure Description (categorical/text; e.g., Hours of seclusion use) | HBIPS-3 Overall Rate Per 1000 (text; e.g., 25.69) | HBIPS-3 Overall Num (text; e.g., 1.85) | HBIPS-3 Overall Den (text; e.g., 3) | HBIPS-3 Overall Footnote (integer; e.g., 5) | SMD Measure Description (categorical/text; e.g., Screening for metabolic disorders (SMD)) | SMD % (text; e.g., 98) | SMD Denominator (text; e.g., 109) | SMD Footnote (integer; e.g., 5) | SUB-2/-2a Measure Description (categorical/text; e.g., Alcohol use brief intervention provided ) | SUB-2 % (text; e.g., 24) | SUB-2 Denominator (text; e.g., 17) | SUB-2 Footnote (integer; e.g., 1) | ... 53 more variables"
PCH_HCAHPS_STATE.csv,csv,553.7 KB,566992,15.9 KB,2856,7,No (CSV),"PCH HCAHPS STATE: 2,856 cases and 7 variables covering HCAHPS metrics at state level.",State; Measure ID; HCAHPS Question; HCAHPS Answer Description; HCAHPS Answer Percent; Start Date; End Date,"State (categorical/text; e.g., AK) | Measure ID (text; e.g., H_COMP_1_A_P) | HCAHPS Question (text; e.g., Patients who reported that their nurses ) | HCAHPS Answer Description (text; e.g., Nurses ""always"" communicated well) | HCAHPS Answer Percent (text; e.g., 80) | Start Date (date; e.g., 07/01/2024) | End Date (date; e.g., 06/30/2025)"
PCH_Palliative_Care_NATIONAL.csv,csv,555 B,555,234 B,4,5,No (CSV),PCH Palliative Care NATIONAL: 4 cases and 5 variables covering Palliative metrics at national level.,Measure ID; Measure Description; National Rate; Start Date; End Date,"Measure ID (text; e.g., PCH-32) | Measure Description (text; e.g., Proportion of patients who died from can) | National Rate (number; e.g., 4.4) | Start Date (date; e.g., 07/01/2023) | End Date (date; e.g., 06/30/2024)"
PCH_Palliative_Care_HOSPITAL.csv,csv,10.6 KB,10878,1.3 KB,44,15,No (CSV),PCH Palliative Care HOSPITAL: 44 cases and 15 variables covering Palliative metrics at hospital level.,Facility ID; Facility Name; Hospital Type; Address; City/Town; State; ZIP Code; County/Parish; Measure ID; Measure Description; Total Cases; Rate; Footnote; Start Date; End Date,"Facility ID (integer; e.g., 050146) | Facility Name (categorical/text; e.g., CITY OF HOPE HELFORD CLINICAL RESEARCH H) | Hospital Type (categorical/text; e.g., Acute Care Hospitals) | Address (categorical/text; e.g., 1500 E DUARTE ROAD) | City/Town (categorical/text; e.g., DUARTE) | State (categorical/text; e.g., CA) | ZIP Code (integer; e.g., 91010) | County/Parish (categorical/text; e.g., LOS ANGELES) | Measure ID (categorical/text; e.g., PCH-32) | Measure Description (categorical/text; e.g., Proportion of patients who died from can) | Total Cases (integer; e.g., 767) | Rate (number; e.g., 4.6) | Footnote (empty/unknown; e.g., ) | Start Date (date; e.g., 07/01/2023) | End Date (date; e.g., 06/30/2024)"
Complications_and_Deaths-National.csv,csv,2.1 KB,2139,917 B,20,10,No (CSV),"Complications and Deaths - National: 20 cases and 10 variables covering Complications, Deaths metrics at national level.",Measure ID; Measure Name; National Rate; Number of Hospitals Worse; Number of Hospitals Same; Number of Hospitals Better; Number of Hospitals Too Few; Footnote; Start Date; End Date,"Measure ID (text; e.g., COMP_HIP_KNEE) | Measure Name (text; e.g., Rate of complications for hip/knee repla) | National Rate (number; e.g., 3.6) | Number of Hospitals Worse (integer; e.g., 12) | Number of Hospitals Same (integer; e.g., 1638) | Number of Hospitals Better (integer; e.g., 30) | Number of Hospitals Too Few (text; e.g., 1536) | Footnote (empty/unknown; e.g., ) | Start Date (date; e.g., 04/01/2021) | End Date (date; e.g., 03/31/2024)"
Medicare_Hospital_Spending_Per_Patient-Hospital.csv,csv,967.9 KB,991115,175.1 KB,4628,14,No (CSV),"Medicare Hospital Spending Per Patient - Hospital: 4,628 cases and 14 variables covering Spending metrics at hospital level.",Facility ID; Facility Name; Address; City/Town; State; ZIP Code; County/Parish; Telephone Number; Measure ID; Measure Name; Score; Footnote; Start Date; End Date,"Facility ID (integer; e.g., 010001) | Facility Name (text; e.g., SOUTHEAST HEALTH MEDICAL CENTER) | Address (text; e.g., 1108 ROSS CLARK CIRCLE) | City/Town (text; e.g., DOTHAN) | State (categorical/text; e.g., AL) | ZIP Code (integer; e.g., 36301) | County/Parish (text; e.g., HOUSTON) | Telephone Number (text; e.g., (334) 793-8701) | Measure ID (categorical/text; e.g., MSPB-1) | Measure Name (categorical/text; e.g., Medicare hospital spending per patient () | Score (text; e.g., 0.99) | Footnote (integer; e.g., 29) | Start Date (date; e.g., 01/01/2024) | End Date (date; e.g., 12/31/2024)"
Medicare_Hospital_Spending_Per_Patient-State.csv,csv,6.4 KB,6540,444 B,56,7,No (CSV),Medicare Hospital Spending Per Patient - State: 56 cases and 7 variables covering Spending metrics at hospital level.,State; Measure ID; Measure Name; Score; Footnote; Start Date; End Date,"State (text; e.g., AK) | Measure ID (categorical/text; e.g., MSPB-1) | Measure Name (categorical/text; e.g., Medicare hospital spending per patient () | Score (categorical/text; e.g., 0.92) | Footnote (integer; e.g., 14) | Start Date (date; e.g., 01/01/2024) | End Date (date; e.g., 12/31/2024)"
OQR_OAS_CAHPS_NATIONAL.csv,csv,3.3 KB,3374,693 B,15,7,No (CSV),OQR OAS CAHPS NATIONAL: 15 cases and 7 variables covering OAS CAHPS metrics at national level.,OAS CAHPS Measure ID; OAS CAHPS Question; OAS CAHPS Answer Description; OAS CAHPS Answer Percent; OAS CAHPS Answer Percent Footnote; Start Date; End Date,"OAS CAHPS Measure ID (text; e.g., O_COMP_1_N_N) | OAS CAHPS Question (text; e.g., Patients who reported that the facility ) | OAS CAHPS Answer Description (text; e.g., Facility was ""not"" clean and staff were ) | OAS CAHPS Answer Percent (integer; e.g., 0) | OAS CAHPS Answer Percent Footnote (empty/unknown; e.g., ) | Start Date (date; e.g., 07/01/2024) | End Date (date; e.g., 06/30/2025)"
IPFQR_QualityMeasures_National.csv,csv,2.1 KB,2187,813 B,1,56,No (CSV),IPFQR QualityMeasures National: 1 cases and 56 variables covering IPFQR QualityMeasures National metrics at national level.,HBIPS-2 Measure Description; N HBIPS-2 Overall Rate Per 1000; N HBIPS-2 Overall Num; N HBIPS-2 Overall Den; HBIPS-3 Measure Description; N HBIPS-3 Overall Rate Per 1000; N HBIPS-3 Overall Num; N HBIPS-3 Overall Den; SMD Measure Description; N SMD %; SMD Top 10%; SUB-2/-2a Measure Description; N SUB-2 %; SUB-2 Top 10%; N SUB-2a %; SUB-2a Top 10%; SUB-3/-3a Measure Description; N SUB-3 %; SUB-3 Top 10%; N SUB-3a %; SUB-3a Top 10%; TOB-3/-3a Measure Description; N TOB-3 %; TOB-3 Top 10%; N TOB-3a %; TOB-3a Top 10%; TR-1 Measure Description; N TR-1 %; TR-1 Top 10%; Start Date; End Date; FAPH Measure Description; N FAPH-30 %; FAPH-30 Top 10%; N FAPH-7 %; FAPH-7 Top 10%; FAPH Measure Start Date; FAPH Measure End Date; MedCont Measure Description; MedCont %; MedCont Top 10%; N MedCont Measure Start Date; N MedCont Measure End Date; READM-30-IPF Measure Desc; READM-30-IPF National Rate; N READM-30-IPF # IPFs Worse; N READM-30-IPF # IPFs Same; N READM-30-IPF # IPFs Better; N READM-30-IPF # IPFs Too Few; READM-30-IPF Start Date; READM-30-IPF End Date; IMM-2 Measure Description; N IMM-2 %; IMM-2 Top 10%; Flu Season Start Date; Flu Season End Date,"HBIPS-2 Measure Description (categorical/text; e.g., Hours of physical-restraint use) | N HBIPS-2 Overall Rate Per 1000 (number; e.g., 0.29) | N HBIPS-2 Overall Num (number; e.g., 195897.08) | N HBIPS-2 Overall Den (integer; e.g., 28415460) | HBIPS-3 Measure Description (categorical/text; e.g., Hours of seclusion use) | N HBIPS-3 Overall Rate Per 1000 (number; e.g., 0.36) | N HBIPS-3 Overall Num (number; e.g., 244773.80) | N HBIPS-3 Overall Den (integer; e.g., 28425940) | SMD Measure Description (categorical/text; e.g., Screening for metabolic disorders (SMD)) | N SMD % (integer; e.g., 81) | SMD Top 10% (integer; e.g., 100) | SUB-2/-2a Measure Description (categorical/text; e.g., Alcohol use brief intervention provided ) | N SUB-2 % (integer; e.g., 60) | SUB-2 Top 10% (integer; e.g., 100) | N SUB-2a % (integer; e.g., 76) | SUB-2a Top 10% (integer; e.g., 100) | SUB-3/-3a Measure Description (categorical/text; e.g., Alcohol and other drug use disorder trea) | N SUB-3 % (integer; e.g., 72) | SUB-3 Top 10% (integer; e.g., 100) | N SUB-3a % (integer; e.g., 59) | SUB-3a Top 10% (integer; e.g., 99) | TOB-3/-3a Measure Description (categorical/text; e.g., Tobacco use treatment provided or offere) | N TOB-3 % (integer; e.g., 58) | TOB-3 Top 10% (integer; e.g., 98) | N TOB-3a % (integer; e.g., 18) | ... 31 more variables"
hvbp_efficiency_and_cost_reduction.csv,csv,388.2 KB,397526,99.3 KB,2455,15,No (CSV),"hvbp efficiency and cost reduction: 2,455 cases and 15 variables covering HVBP metrics.",Fiscal Year; Facility ID; Facility Name; Address; City/Town; State; ZIP Code; County/Parish; MSPB-1 Achievement Threshold; MSPB-1 Benchmark; MSPB-1 Baseline Rate; MSPB-1 Performance Rate; MSPB-1 Achievement Points; MSPB-1 Improvement Points; MSPB-1 Measure Score,"Fiscal Year (integer; e.g., 2026) | Facility ID (integer; e.g., 010001) | Facility Name (text; e.g., SOUTHEAST HEALTH MEDICAL CENTER) | Address (text; e.g., 1108 ROSS CLARK CIRCLE) | City/Town (text; e.g., DOTHAN) | State (categorical/text; e.g., AL) | ZIP Code (integer; e.g., 36301) | County/Parish (text; e.g., HOUSTON) | MSPB-1 Achievement Threshold (number; e.g., 0.985942) | MSPB-1 Benchmark (number; e.g., 0.825546) | MSPB-1 Baseline Rate (number; e.g., 1.029341) | MSPB-1 Performance Rate (number; e.g., 0.995087) | MSPB-1 Achievement Points (categorical/text; e.g., 0 out of 10) | MSPB-1 Improvement Points (categorical/text; e.g., 1 out of 9) | MSPB-1 Measure Score (categorical/text; e.g., 1 out of 10)"
ASCQR_OAS_CAHPS_NATIONAL.csv,csv,1.6 KB,1608,479 B,1,21,No (CSV),ASCQR OAS CAHPS NATIONAL: 1 cases and 21 variables covering OAS CAHPS metrics at national level.,"Patients who reported that staff definitely gave care in a professional way and the facility was clean; Patients who reported that staff somewhat gave care in a professional way or the facility was somewhat clean; Patients who reported that staff did not give care in a professional way or the facility was not clean; Facilities and staff linear mean score; Patients who reported that staff definitely communicated about what to expect during and after the procedure; Patients who reported that staff somewhat communicated about what to expect during and after the procedure; Patients who reported that staff did not communicate about what to expect during and after the procedure; Communication about your procedure linear mean score; Patients who gave the facility a rating of 9 or 10 on a scale from 0 (lowest) to 10 (highest); Patients who gave the facility a rating of 7 or 8 on a scale from 0 (lowest) to 10 (highest); Patients who gave the facility a rating of 0 to 6 on a scale from 0 (lowest) to 10 (highest); Patients' rating of the facility linear mean score; Patients who reported YES they would DEFINITELY recommend the facility to family or friends; Patients who reported PROBABLY YES they would recommend the facility to family or friends; Patients who reported NO, they would not recommend the facility to family or friends; Patients recommending the facility linear mean score; Number of Sampled Patients; Number of Completed Surveys; Survey Response Rate Percent; Start Date; End Date","Patients who reported that staff definitely gave care in a professional way and the facility was clean (integer; e.g., 97) | Patients who reported that staff somewhat gave care in a professional way or the facility was somewhat clean (integer; e.g., 3) | Patients who reported that staff did not give care in a professional way or the facility was not clean (integer; e.g., 0) | Facilities and staff linear mean score (integer; e.g., 98) | Patients who reported that staff definitely communicated about what to expect during and after the procedure (integer; e.g., 92) | Patients who reported that staff somewhat communicated about what to expect during and after the procedure (integer; e.g., 6) | Patients who reported that staff did not communicate about what to expect during and after the procedure (integer; e.g., 2) | Communication about your procedure linear mean score (integer; e.g., 95) | Patients who gave the facility a rating of 9 or 10 on a scale from 0 (lowest) to 10 (highest) (integer; e.g., 89) | Patients who gave the facility a rating of 7 or 8 on a scale from 0 (lowest) to 10 (highest) (integer; e.g., 9) | Patients who gave the facility a rating of 0 to 6 on a scale from 0 (lowest) to 10 (highest) (integer; e.g., 2) | Patients' rating of the facility linear mean score (integer; e.g., 95) | Patients who reported YES they would DEFINITELY recommend the facility to family or friends (integer; e.g., 87) | Patients who reported PROBABLY YES they would recommend the facility to family or friends (integer; e.g., 11) | Patients who reported NO, they would not recommend the facility to family or friends (integer; e.g., 2) | Patients recommending the facility linear mean score (integer; e.g., 95) | Number of Sampled Patients (integer; e.g., 3337654) | Number of Completed Surveys (integer; e.g., 841669) | Survey Response Rate Percent (integer; e.g., 25) | Start Date (date; e.g., 07/01/2024) | End Date (date; e.g., 06/30/2025)"
CJR_Quality_Reporting_January_2026_Production_File.csv,csv,52.6 KB,53863,8.0 KB,320,18,No (CSV),CJR Quality Reporting January 2026 Production File: 320 cases and 18 variables covering CJR Quality Reporting January 2026 Production File.,Facility ID; Facility Name; MSA; MSA Title; HCAHPS HLMR; HCAHPS HLMR Percentile; HCAHPS Start Date; HCAHPS End Date; HCAHPS Footnote; COMP-HIP-KNEE; COMP-HIP-KNEE Percentile; COMP Start Date; COMP End Date; COMP Footnote; PRO; PRO Start Date; PRO End Date; Reconciliation Footnote,"Facility ID (integer; e.g., 010023) | Facility Name (text; e.g., BAPTIST MEDICAL CENTER SOUTH) | MSA (integer; e.g., 33860) | MSA Title (categorical/text; e.g., Montgomery, AL) | HCAHPS HLMR (text; e.g., 84.69) | HCAHPS HLMR Percentile (text; e.g., 53%) | HCAHPS Start Date (date; e.g., 07/01/2023) | HCAHPS End Date (date; e.g., 06/30/2024) | HCAHPS Footnote (categorical/text; e.g., ***) | COMP-HIP-KNEE (text; e.g., 4.29536) | COMP-HIP-KNEE Percentile (text; e.g., 18%) | COMP Start Date (date; e.g., 04/01/2021) | COMP End Date (date; e.g., 03/31/2024) | COMP Footnote (integer; e.g., 1) | PRO (categorical/text; e.g., N) | PRO Start Date (date; e.g., 07/01/2022) | PRO End Date (date; e.g., 06/30/2023) | Reconciliation Footnote (categorical/text; e.g., **)"
FY2024_Percent_Change_in_Medicare_Payments.csv,csv,504 B,504,255 B,23,2,No (CSV),FY2024 Percent Change in Medicare Payments: 23 cases and 2 variables covering FY2024 Percent Change in Medicare Payments metrics.,% Change in Base Operating DRG Payment Amount; Number of Hospitals Receiving this % Change,"% Change in Base Operating DRG Payment Amount (text; e.g., '1.0%<x') | Number of Hospitals Receiving this % Change (integer; e.g., 444)"
REH_Unplanned_Hospital_Visits-National.csv,csv,320 B,320,190 B,1,10,No (CSV),REH Unplanned Hospital Visits - National: 1 cases and 10 variables covering REH Unplanned Hospital Visits - National metrics at.,Measure ID; Measure Name; National Rate; Number of Hospitals Worse; Number of Hospitals Same; Number of Hospitals Better; Number of Hospitals Too Few; Footnote; Start Date; End Date,"Measure ID (categorical/text; e.g., REH_OP_36) | Measure Name (categorical/text; e.g., Ratio of unplanned hospital visits after) | National Rate (categorical/text; e.g., Not Available) | Number of Hospitals Worse (integer; e.g., 0) | Number of Hospitals Same (integer; e.g., 2) | Number of Hospitals Better (integer; e.g., 0) | Number of Hospitals Too Few (integer; e.g., 4) | Footnote (integer; e.g., 5) | Start Date (date; e.g., 01/01/2024) | End Date (date; e.g., 12/31/2024)"
Veterans_Health_Administration_Provider_Level_Data.csv,csv,23.8 KB,24376,6.2 KB,132,13,No (CSV),Veterans Health Administration Provider Level Data: 132 cases and 13 variables covering Veterans Health Administration Provider Level Data metrics.,Facility ID; Facility Name; Address; City/Town; State; ZIP Code; County/Parish; Telephone Number; Hospital Type; Hospital Ownership; Emergency Services; Hospital overall rating; Hospital overall rating footnote,"Facility ID (text; e.g., 01014F) | Facility Name (text; e.g., BIRMINGHAM VA MEDICAL CENTER) | Address (text; e.g., 700 SOUTH 19TH STREET) | City/Town (text; e.g., BIRMINGHAM) | State (text; e.g., AL) | ZIP Code (integer; e.g., 35233) | County/Parish (text; e.g., JEFFERSON) | Telephone Number (text; e.g., (205) 933-4515) | Hospital Type (categorical/text; e.g., Acute Care - Veterans Administration) | Hospital Ownership (categorical/text; e.g., Veterans Health Administration) | Emergency Services (categorical/text; e.g., Yes) | Hospital overall rating (categorical/text; e.g., 4) | Hospital overall rating footnote (integer; e.g., 16)"
FY2024_Value_Based_Incentive_Payment_Amount.csv,csv,767 B,767,298 B,25,2,No (CSV),FY2024 Value Based Incentive Payment Amount: 25 cases and 2 variables covering FY2024 Value Based Incentive Payment Amount metrics.,Incentive Payment Range; Number of Hospitals Receiving this Range,"Incentive Payment Range (text; e.g., >$1,000,000) | Number of Hospitals Receiving this Range (text; e.g., 467)"
Outpatient_Imaging_Efficiency-Hospital.csv,csv,3.29 MB,3449068,275.7 KB,18512,14,No (CSV),"Outpatient Imaging Efficiency - Hospital: 18,512 cases and 14 variables covering Imaging metrics at hospital level.",Facility ID; Facility Name; Address; City/Town; State; ZIP Code; County/Parish; Telephone Number; Measure ID; Measure Name; Score; Footnote; Start Date; End Date,"Facility ID (integer; e.g., 010001) | Facility Name (text; e.g., SOUTHEAST HEALTH MEDICAL CENTER) | Address (text; e.g., 1108 ROSS CLARK CIRCLE) | City/Town (text; e.g., DOTHAN) | State (categorical/text; e.g., AL) | ZIP Code (integer; e.g., 36301) | County/Parish (text; e.g., HOUSTON) | Telephone Number (text; e.g., (334) 793-8701) | Measure ID (categorical/text; e.g., OP-10) | Measure Name (categorical/text; e.g., Abdomen CT Use of Contrast Material) | Score (text; e.g., 5.3) | Footnote (integer; e.g., 1) | Start Date (date; e.g., 07/01/2023) | End Date (date; e.g., 06/30/2024)"
ASC_National.csv,csv,851 B,851,264 B,1,37,No (CSV),ASC National: 1 cases and 37 variables covering ASC National metrics at national level.,Year; Avg ASC-1 Nat Rate*; Median ASC-1 Nat Rate*; Avg ASC-2 Nat Rate*; Median ASC-2 Nat Rate*; Avg ASC-3 Nat Rate*; Median ASC-3 Nat Rate*; Avg ASC-4 Nat Rate*; Median ASC-4 Nat Rate*; Avg ASC-9 Nat Rate*; Median ASC-9 Nat Rate*; Avg ASC-11 Nat Rate*; Median ASC-11 Nat Rate*; ASC-12 Nat Rate; ASC-12 Better; ASC-12 No Different; ASC-12 Worse; ASC-12 Too Small; Avg ASC-13 Nat Rate*; Median ASC-13 Nat Rate*; Avg ASC-14 Nat Rate*; Median ASC-14 Nat Rate*; ASC-17 Nat Rate; ASC-17 Better; ASC-17 No Different; ASC-17 Worse; ASC-17 Too Small; ASC-18 Nat Rate; ASC-18 Better; ASC-18 No Different; ASC-18 Worse; ASC-18 Too Small; ASC-19 Nat Rate; ASC-19 Better; ASC-19 No Different; ASC-19 Worse; ASC-19 Too Small,"Year (integer; e.g., 2024) | Avg ASC-1 Nat Rate* (number; e.g., 0.002) | Median ASC-1 Nat Rate* (number; e.g., 0.000) | Avg ASC-2 Nat Rate* (number; e.g., 0.019) | Median ASC-2 Nat Rate* (number; e.g., 0.000) | Avg ASC-3 Nat Rate* (number; e.g., 0.004) | Median ASC-3 Nat Rate* (number; e.g., 0.000) | Avg ASC-4 Nat Rate* (number; e.g., 0.096) | Median ASC-4 Nat Rate* (number; e.g., 0.074) | Avg ASC-9 Nat Rate* (number; e.g., 76.95) | Median ASC-9 Nat Rate* (number; e.g., 91.70) | Avg ASC-11 Nat Rate* (number; e.g., 86.52) | Median ASC-11 Nat Rate* (number; e.g., 100.00) | ASC-12 Nat Rate (number; e.g., 9.9) | ASC-12 Better (integer; e.g., 12) | ASC-12 No Different (integer; e.g., 1974) | ASC-12 Worse (integer; e.g., 8) | ASC-12 Too Small (integer; e.g., 191) | Avg ASC-13 Nat Rate* (number; e.g., 85.97) | Median ASC-13 Nat Rate* (number; e.g., 100.00) | Avg ASC-14 Nat Rate* (number; e.g., 0.312) | Median ASC-14 Nat Rate* (number; e.g., 0.225) | ASC-17 Nat Rate (number; e.g., 2.4) | ASC-17 Better (integer; e.g., 5) | ASC-17 No Different (integer; e.g., 1837) | ... 12 more variables"
ASCQR_OAS_CAHPS_STATE.csv,csv,6.1 KB,6274,1.7 KB,56,22,No (CSV),ASCQR OAS CAHPS STATE: 56 cases and 22 variables covering OAS CAHPS metrics at state level.,"State; Patients who reported that staff definitely gave care in a professional way and the facility was clean; Patients who reported that staff somewhat gave care in a professional way or the facility was somewhat clean; Patients who reported that staff did not give care in a professional way or the facility was not clean; Facilities and staff linear mean score; Patients who reported that staff definitely communicated about what to expect during and after the procedure; Patients who reported that staff somewhat communicated about what to expect during and after the procedure; Patients who reported that staff did not communicate about what to expect during and after the procedure; Communication about your procedure linear mean score; Patients who gave the facility a rating of 9 or 10 on a scale from 0 (lowest) to 10 (highest); Patients who gave the facility a rating of 7 or 8 on a scale from 0 (lowest) to 10 (highest); Patients who gave the facility a rating of 0 to 6 on a scale from 0 (lowest) to 10 (highest); Patients' rating of the facility linear mean score; Patients who reported YES they would DEFINITELY recommend the facility to family or friends; Patients who reported PROBABLY YES they would recommend the facility to family or friends; Patients who reported NO, they would not recommend the facility to family or friends; Patients recommending the facility linear mean score; Number of Sampled Patients; Number of Completed Surveys; Survey Response Rate Percent; Start Date; End Date","State (text; e.g., Alabama) | Patients who reported that staff definitely gave care in a professional way and the facility was clean (integer; e.g., 97) | Patients who reported that staff somewhat gave care in a professional way or the facility was somewhat clean (integer; e.g., 3) | Patients who reported that staff did not give care in a professional way or the facility was not clean (integer; e.g., 0) | Facilities and staff linear mean score (integer; e.g., 99) | Patients who reported that staff definitely communicated about what to expect during and after the procedure (integer; e.g., 93) | Patients who reported that staff somewhat communicated about what to expect during and after the procedure (integer; e.g., 6) | Patients who reported that staff did not communicate about what to expect during and after the procedure (integer; e.g., 1) | Communication about your procedure linear mean score (integer; e.g., 96) | Patients who gave the facility a rating of 9 or 10 on a scale from 0 (lowest) to 10 (highest) (integer; e.g., 90) | Patients who gave the facility a rating of 7 or 8 on a scale from 0 (lowest) to 10 (highest) (integer; e.g., 8) | Patients who gave the facility a rating of 0 to 6 on a scale from 0 (lowest) to 10 (highest) (integer; e.g., 2) | Patients' rating of the facility linear mean score (integer; e.g., 96) | Patients who reported YES they would DEFINITELY recommend the facility to family or friends (integer; e.g., 89) | Patients who reported PROBABLY YES they would recommend the facility to family or friends (integer; e.g., 9) | Patients who reported NO, they would not recommend the facility to family or friends (integer; e.g., 2) | Patients recommending the facility linear mean score (integer; e.g., 95) | Number of Sampled Patients (integer; e.g., 35080) | Number of Completed Surveys (integer; e.g., 8963) | Survey Response Rate Percent (integer; e.g., 26) | Start Date (date; e.g., 07/01/2024) | End Date (date; e.g., 06/30/2025)"
FY2024_Distribution_of_Net_Change_in_Base_Op_DRG_Payment_Amt.csv,csv,263 B,263,178 B,13,2,No (CSV),FY2024 Distribution of Net Change in Base Op DRG Payment Amt: 13 cases and 2 variables covering FY2024 Distribution of.,Percentile; Net Change in Base Operating DRG Payment Amount,"Percentile (text; e.g., Max) | Net Change in Base Operating DRG Payment Amount (text; e.g., $5,706,612)"
Hospital_General_Information.csv,csv,1.39 MB,1453884,249.3 KB,5432,38,No (CSV),"Hospital General Information: 5,432 cases and 38 variables covering General Information metrics at hospital level.",Facility ID; Facility Name; Address; City/Town; State; ZIP Code; County/Parish; Telephone Number; Hospital Type; Hospital Ownership; Emergency Services; Meets criteria for birthing friendly designation; Hospital overall rating; Hospital overall rating footnote; MORT Group Measure Count; Count of Facility MORT Measures; Count of MORT Measures Better; Count of MORT Measures No Different; Count of MORT Measures Worse; MORT Group Footnote; Safety Group Measure Count; Count of Facility Safety Measures; Count of Safety Measures Better; Count of Safety Measures No Different; Count of Safety Measures Worse; Safety Group Footnote; READM Group Measure Count; Count of Facility READM Measures; Count of READM Measures Better; Count of READM Measures No Different; Count of READM Measures Worse; READM Group Footnote; Pt Exp Group Measure Count; Count of Facility Pt Exp Measures; Pt Exp Group Footnote; TE Group Measure Count; Count of Facility TE Measures; TE Group Footnote,"Facility ID (text; e.g., 010001) | Facility Name (text; e.g., SOUTHEAST HEALTH MEDICAL CENTER) | Address (text; e.g., 1108 ROSS CLARK CIRCLE) | City/Town (text; e.g., DOTHAN) | State (categorical/text; e.g., AL) | ZIP Code (integer; e.g., 36301) | County/Parish (text; e.g., HOUSTON) | Telephone Number (text; e.g., (334) 793-8701) | Hospital Type (categorical/text; e.g., Acute Care Hospitals) | Hospital Ownership (categorical/text; e.g., Government - Hospital District or Author) | Emergency Services (categorical/text; e.g., Yes) | Meets criteria for birthing friendly designation (categorical/text; e.g., Y) | Hospital overall rating (categorical/text; e.g., 4) | Hospital overall rating footnote (categorical/text; e.g., 29) | MORT Group Measure Count (categorical/text; e.g., 8) | Count of Facility MORT Measures (categorical/text; e.g., 8) | Count of MORT Measures Better (categorical/text; e.g., 0) | Count of MORT Measures No Different (categorical/text; e.g., 8) | Count of MORT Measures Worse (categorical/text; e.g., 0) | MORT Group Footnote (integer; e.g., 29) | Safety Group Measure Count (categorical/text; e.g., 8) | Count of Facility Safety Measures (categorical/text; e.g., 7) | Count of Safety Measures Better (categorical/text; e.g., 3) | Count of Safety Measures No Different (categorical/text; e.g., 4) | Count of Safety Measures Worse (categorical/text; e.g., 0) | ... 13 more variables"
Footnote_Crosswalk.csv,csv,3.4 KB,3456,1.3 KB,32,2,No (CSV),Footnote Crosswalk: 32 cases and 2 variables covering Footnote Crosswalk metrics.,Footnote; Footnote Text,"Footnote (text; e.g., 1) | Footnote Text (text; e.g., The number of cases/patients is too few )"
Healthcare_Associated_Infections-National.csv,csv,517 B,517,254 B,6,6,No (CSV),Healthcare Associated Infections - National: 6 cases and 6 variables covering Infections metrics at national level.,Measure ID; Measure Name; Score; Footnote; Start Date; End Date,"Measure ID (text; e.g., HAI_1_SIR) | Measure Name (text; e.g., Central Line Associated Bloodstream Infe) | Score (integer; e.g., 1) | Footnote (empty/unknown; e.g., ) | Start Date (date; e.g., 07/01/2024) | End Date (date; e.g., 06/30/2025)"
OQR_OAS_CAHPS_BY_HOSPITAL.csv,csv,29.20 MB,30616719,729.7 KB,92560,20,No (CSV),"OQR OAS CAHPS BY HOSPITAL: 92,560 cases and 20 variables covering OAS CAHPS metrics at hospital level.",Facility ID; Facility Name; Address; City/Town; State; ZIP Code; County/Parish; Telephone Number; OAS CAHPS Measure ID; OAS CAHPS Question; OAS CAHPS Answer Description; OAS CAHPS Answer Percent; OAS CAHPS Answer Percent Footnote; OAS CAHPS Linear Mean Value; Number of Completed Surveys; Number of Completed Surveys Footnote; Survey Response Rate Percent; Survey Response Rate Percent Footnote; Start Date; End Date,"Facility ID (integer; e.g., 010001) | Facility Name (categorical/text; e.g., SOUTHEAST HEALTH MEDICAL CENTER) | Address (categorical/text; e.g., 1108 ROSS CLARK CIRCLE) | City/Town (categorical/text; e.g., DOTHAN) | State (categorical/text; e.g., AL) | ZIP Code (integer; e.g., 36301) | County/Parish (categorical/text; e.g., HOUSTON) | Telephone Number (categorical/text; e.g., (334) 793-8701) | OAS CAHPS Measure ID (categorical/text; e.g., O_COMP_1_LINEAR_SCORE) | OAS CAHPS Question (categorical/text; e.g., Facilities and Staff - linear mean score) | OAS CAHPS Answer Description (categorical/text; e.g., Facilities and Staff - linear mean score) | OAS CAHPS Answer Percent (text; e.g., Not Applicable) | OAS CAHPS Answer Percent Footnote (categorical/text; e.g., 5) | OAS CAHPS Linear Mean Value (categorical/text; e.g., 98) | Number of Completed Surveys (categorical/text; e.g., 456) | Number of Completed Surveys Footnote (categorical/text; e.g., 5) | Survey Response Rate Percent (categorical/text; e.g., 17) | Survey Response Rate Percent Footnote (categorical/text; e.g., 5) | Start Date (date; e.g., 07/01/2024) | End Date (date; e.g., 06/30/2025)"
Complications_and_Deaths-Hospital.csv,csv,21.92 MB,22982118,1.18 MB,95840,18,No (CSV),"Complications and Deaths - Hospital: 95,840 cases and 18 variables covering Complications, Deaths metrics at hospital level.",Facility ID; Facility Name; Address; City/Town; State; ZIP Code; County/Parish; Telephone Number; Measure ID; Measure Name; Compared to National; Denominator; Score; Lower Estimate; Higher Estimate; Footnote; Start Date; End Date,"Facility ID (integer; e.g., 010001) | Facility Name (categorical/text; e.g., SOUTHEAST HEALTH MEDICAL CENTER) | Address (categorical/text; e.g., 1108 ROSS CLARK CIRCLE) | City/Town (categorical/text; e.g., DOTHAN) | State (categorical/text; e.g., AL) | ZIP Code (integer; e.g., 36301) | County/Parish (categorical/text; e.g., HOUSTON) | Telephone Number (categorical/text; e.g., (334) 793-8701) | Measure ID (categorical/text; e.g., COMP_HIP_KNEE) | Measure Name (categorical/text; e.g., Rate of complications for hip/knee repla) | Compared to National (categorical/text; e.g., No Different Than the National Rate) | Denominator (text; e.g., 27) | Score (text; e.g., 3.2) | Lower Estimate (text; e.g., 1.7) | Higher Estimate (text; e.g., 5.9) | Footnote (integer; e.g., 1) | Start Date (date; e.g., 04/01/2021) | End Date (date; e.g., 03/31/2024)"
hvbp_tps.csv,csv,554.7 KB,568036,106.1 KB,2455,17,No (CSV),"hvbp tps: 2,455 cases and 17 variables covering HVBP metrics.",Fiscal Year; Facility ID; Facility Name; Address; City/Town; State; ZIP Code; County/Parish; Unweighted Normalized Clinical Outcomes Domain Score; Weighted Normalized Clinical Outcomes Domain Score; Unweighted Person And Community Engagement Domain Score; Weighted Person And Community Engagement Domain Score; Unweighted Normalized Safety Domain Score; Weighted Safety Domain Score; Unweighted Normalized Efficiency And Cost Reduction Domain Score; Weighted Efficiency And Cost Reduction Domain Score; Total Performance Score,"Fiscal Year (integer; e.g., 2026) | Facility ID (integer; e.g., 010001) | Facility Name (text; e.g., SOUTHEAST HEALTH MEDICAL CENTER) | Address (text; e.g., 1108 ROSS CLARK CIRCLE) | City/Town (text; e.g., DOTHAN) | State (categorical/text; e.g., AL) | ZIP Code (integer; e.g., 36301) | County/Parish (text; e.g., HOUSTON) | Unweighted Normalized Clinical Outcomes Domain Score (text; e.g., 24.000000000000) | Weighted Normalized Clinical Outcomes Domain Score (text; e.g., 6.000000000000) | Unweighted Person And Community Engagement Domain Score (text; e.g., 43.000000000000) | Weighted Person And Community Engagement Domain Score (text; e.g., 10.750000000000) | Unweighted Normalized Safety Domain Score (text; e.g., 51.666666666667) | Weighted Safety Domain Score (text; e.g., 12.916666666667) | Unweighted Normalized Efficiency And Cost Reduction Domain Score (number; e.g., 10.000000000000) | Weighted Efficiency And Cost Reduction Domain Score (number; e.g., 2.500000000000) | Total Performance Score (number; e.g., 32.166666666667)"
FY_2026_HAC_Reduction_Program_Hospital.csv,csv,581.7 KB,595701,135.2 KB,3055,36,No (CSV),"FY 2026 HAC Reduction Program Hospital: 3,055 cases and 36 variables covering FY 2026 HAC Reduction Program Hospital metrics at.",Facility Name; Facility ID; State; Fiscal Year; PSI 90 Composite Value; PSI 90 Composite Value Footnote; PSI 90 W Z Score; PSI 90 W Z Footnote; PSI 90 Start Date; PSI 90 End Date; CLABSI SIR; CLABSI SIR Footnote; CLABSI W Z Score; CLABSI W Z Footnote; CAUTI SIR; CAUTI SIR Footnote; CAUTI W Z Score; CAUTI W Z Footnote; SSI SIR; SSI SIR Footnote; SSI W Z Score; SSI W Z Footnote; CDI SIR; CDI SIR Footnote; CDI W Z Score; CDI W Z Footnote; MRSA SIR; MRSA SIR Footnote; MRSA W Z Score; MRSA W Z Footnote; HAI Measures Start Date; HAI Measures End Date; Total HAC Score; Total HAC Score Footnote; Payment Reduction; Payment Reduction Footnote,"Facility Name (text; e.g., SOUTHEAST HEALTH MEDICAL CENTER) | Facility ID (integer; e.g., 010001) | State (categorical/text; e.g., AL) | Fiscal Year (integer; e.g., 2026) | PSI 90 Composite Value (text; e.g., 0.9515) | PSI 90 Composite Value Footnote (integer; e.g., 5) | PSI 90 W Z Score (text; e.g., -0.2580) | PSI 90 W Z Footnote (integer; e.g., 5) | PSI 90 Start Date (date; e.g., 07/01/2022) | PSI 90 End Date (date; e.g., 06/30/2024) | CLABSI SIR (text; e.g., 0.512) | CLABSI SIR Footnote (integer; e.g., 13) | CLABSI W Z Score (text; e.g., -0.2187) | CLABSI W Z Footnote (integer; e.g., 5) | CAUTI SIR (text; e.g., 0.127) | CAUTI SIR Footnote (integer; e.g., 29) | CAUTI W Z Score (text; e.g., -1.0125) | CAUTI W Z Footnote (integer; e.g., 29) | SSI SIR (text; e.g., 0.870) | SSI SIR Footnote (integer; e.g., 13) | SSI W Z Score (text; e.g., 0.0338) | SSI W Z Footnote (integer; e.g., 5) | CDI SIR (text; e.g., 0.435) | CDI SIR Footnote (integer; e.g., 29) | CDI W Z Score (text; e.g., 0.2222) | ... 11 more variables"
Timely_and_Effective_Care-Hospital.csv,csv,32.60 MB,34178467,1.15 MB,138173,16,No (CSV),"Timely and Effective Care - Hospital: 138,173 cases and 16 variables covering Timely metrics at hospital level.",Facility ID; Facility Name; Address; City/Town; State; ZIP Code; County/Parish; Telephone Number; Condition; Measure ID; Measure Name; Score; Sample; Footnote; Start Date; End Date,"Facility ID (integer; e.g., 010001) | Facility Name (categorical/text; e.g., SOUTHEAST HEALTH MEDICAL CENTER) | Address (categorical/text; e.g., 1108 ROSS CLARK CIRCLE) | City/Town (categorical/text; e.g., DOTHAN) | State (categorical/text; e.g., AL) | ZIP Code (integer; e.g., 36301) | County/Parish (categorical/text; e.g., HOUSTON) | Telephone Number (categorical/text; e.g., (334) 793-8701) | Condition (categorical/text; e.g., Emergency Department) | Measure ID (text; e.g., EDV) | Measure Name (text; e.g., Emergency department volume) | Score (text; e.g., very high) | Sample (text; e.g., Not Available) | Footnote (categorical/text; e.g., 5) | Start Date (date; e.g., 01/01/2024) | End Date (date; e.g., 12/31/2024)"
PCH_Complications_Unplanned_Hospital_Visits_HOSPITAL.csv,csv,11.7 KB,12018,1.7 KB,44,18,No (CSV),PCH Complications Unplanned Hospital Visits HOSPITAL: 44 cases and 18 variables covering Complications metrics at hospital level.,Facility ID; Facility Name; Hospital Type; Address; City/Town; State; ZIP Code; County/Parish; Measure ID; Measure Description; Total Cases; Performance Category; Rate; Interval Lower Limit; Interval Upper Limit; Footnote; Start Date; End Date,"Facility ID (integer; e.g., 050146) | Facility Name (categorical/text; e.g., CITY OF HOPE HELFORD CLINICAL RESEARCH H) | Hospital Type (categorical/text; e.g., Acute Care Hospitals) | Address (categorical/text; e.g., 1500 E DUARTE ROAD) | City/Town (categorical/text; e.g., DUARTE) | State (categorical/text; e.g., CA) | ZIP Code (integer; e.g., 91010) | County/Parish (categorical/text; e.g., LOS ANGELES) | Measure ID (categorical/text; e.g., PCH-30) | Measure Description (categorical/text; e.g., Admissions for Patients Receiving Outpat) | Total Cases (text; e.g., 2329) | Performance Category (categorical/text; e.g., No Different than the National Rate) | Rate (text; e.g., 14.1) | Interval Lower Limit (text; e.g., 12.3) | Interval Upper Limit (text; e.g., 15.9) | Footnote (integer; e.g., 5) | Start Date (date; e.g., 07/01/2023) | End Date (date; e.g., 06/30/2024)"
REH_Unplanned_Hospital_Visits-Hospital.csv,csv,11.1 KB,11402,2.4 KB,41,18,No (CSV),REH Unplanned Hospital Visits - Hospital: 41 cases and 18 variables covering REH Unplanned Hospital Visits - Hospital metrics at.,Facility ID; Facility Name; Address; City/Town; State; ZIP Code; County/Parish; Telephone Number; Measure ID; Measure Name; Compared to National; Denominator; Score; Lower Estimate; Higher Estimate; Footnote; Start Date; End Date,"Facility ID (integer; e.g., 010779) | Facility Name (text; e.g., BULLOCK COUNTY HOSPITAL) | Address (text; e.g., 102 WEST CONECUH AVENUE) | City/Town (text; e.g., UNION SPRINGS) | State (categorical/text; e.g., AL) | ZIP Code (integer; e.g., 36089) | County/Parish (text; e.g., BULLOCK) | Telephone Number (text; e.g., (334) 738-2140) | Measure ID (categorical/text; e.g., REH_OP_36) | Measure Name (categorical/text; e.g., Ratio of unplanned hospital visits after) | Compared to National (categorical/text; e.g., Not Available) | Denominator (categorical/text; e.g., Not Available) | Score (categorical/text; e.g., Not Available) | Lower Estimate (categorical/text; e.g., Not Available) | Higher Estimate (categorical/text; e.g., Not Available) | Footnote (integer; e.g., 5) | Start Date (date; e.g., 01/01/2024) | End Date (date; e.g., 12/31/2024)"
REH_Outpatient_Imaging_Efficiency-National.csv,csv,146 B,146,120 B,1,6,No (CSV),REH Outpatient Imaging Efficiency - National: 1 cases and 6 variables covering Imaging metrics at national level.,Measure ID; Measure Name; Score; Footnote; Start Date; End Date,"Measure ID (categorical/text; e.g., REH_OP_10) | Measure Name (categorical/text; e.g., Abdomen CT Use of Contrast Material) | Score (number; e.g., 8.7) | Footnote (empty/unknown; e.g., ) | Start Date (date; e.g., 01/01/2024) | End Date (date; e.g., 12/31/2024)"
readme.txt,txt,426 B,426,252 B,,,Not applicable,Readme text describing source download context and documentation notes for the hospital current data archive.,,"The data in this archive was unpublished on the date listed for the archive, because it was replaced with updated data.  You will need Adobe Acrobat Reader to view the Data Dictionary file. You can download this software from Adobe's web site. To get the software at no cost, copy and paste the link below into the browser address bar. It will take you to the Adobe Acrobat Reader download site. https://get.adobe.com/reader/ "
HOSPITAL_Data_Dictionary.pdf,pdf,1.23 MB,1291356,1.15 MB,,,Not applicable,"PDF documentation likely defining fields, measures, footnotes, and reporting conventions for Hospital Compare public datasets.",,"PDF documentation file; not a CSV table, so rows, columns, and sheet counts are not applicable."
